player_name,brawler_name,game_mode,game_map,2024-01-10,2024-01-11,2024-01-12,2024-01-13,2024-01-14,2024-01-15,2024-01-16,2024-01-17,2024-01-18,2024-01-19,2024-01-20,2024-01-21,2024-01-22,2024-01-23,2024-01-24,2024-01-25,2024-01-26,2024-01-27,2024-01-28,2024-01-29,2024-01-30,2024-01-31
pigeon voyageur,BARLEY,soloShowdown,Cavern Churn,,,,,,,,,,defeat,victory,,,,,,,,,,,
pigeon voyageur,BARLEY,soloShowdown,The Galaxy,,,,,,,,,,victory,,,,,,,,,,,,
pigeon voyageur,BEA,duoShowdown,Stormy Plains,,,,,,,,,,,,,,,,,victory,,,,,
pigeon voyageur,BEA,knockout,Belle's Rock,,,,,,,,,,defeat,,,,,,,,defeat,,,,
pigeon voyageur,BEA,knockout,Out in the Open,,,,,,,,,,,,,,,,,defeat,,,,,
pigeon voyageur,BEA,knockout,Waters of Doom,,,,,,,,,,defeat,,,,,,,victory,,,,,
pigeon voyageur,BEA,soloShowdown,The Galaxy,defeat,victory,,,,,,,,,,,,,,,,,,,,
pigeon voyageur,BO,soloShowdown,Double Trouble,,,,,,,,,,,,victory,,,,,,,,,,
pigeon voyageur,BO,soloShowdown,Skull Creek,,,,,,,defeat,defeat,,,,,,,,,,,,,,
pigeon voyageur,BO,soloShowdown,The Galaxy,,,,,,,,,,,,,,,,,,defeat,,,,
pigeon voyageur,BULL,soloShowdown,Cavern Churn,,,victory,,,,,,,,,,,,,,,,,,,
pigeon voyageur,BUZZ,duoShowdown,Cavern Churn,,,victory,,,,,,,,,,,,,,,,,,,
pigeon voyageur,BUZZ,duoShowdown,Dune Drift,,,,,,,,,,,,,,,,,,,,,victory,
pigeon voyageur,BUZZ,duoShowdown,Stormy Plains,,,,,,,,,,,,,,,,,victory,,,,,
pigeon voyageur,BUZZ,duoShowdown,The Galaxy,draw,,,,,,,,,,,,,,,,,,,,,
pigeon voyageur,BUZZ,knockout,Belle's Rock,,defeat,,,,,,,,,,,,,,,,defeat,,,,
pigeon voyageur,BUZZ,soloShowdown,Cavern Churn,,defeat,defeat,,,,,,,,,,,,,,,,victory,,,
pigeon voyageur,BUZZ,soloShowdown,Double Trouble,,,,,,,,,,,defeat,victory,,,,,,,,,,
pigeon voyageur,BUZZ,soloShowdown,Dune Drift,,,,,,,,,,,,victory,defeat,,,,,,,victory,victory,
pigeon voyageur,BUZZ,soloShowdown,Forsaken Falls,,,,,,,,,,,,,defeat,,,,,,,,,
pigeon voyageur,BUZZ,soloShowdown,The Galaxy,,draw,,,,,,,,,,,,,,,,defeat,,,,
pigeon voyageur,CARL,duoShowdown,Dune Drift,,,,,victory,,,,,,,,,,,,,,,,,
pigeon voyageur,CARL,duoShowdown,Forsaken Falls,,,,,victory,,,,,,,,,,,,,,,,,
pigeon voyageur,CARL,soloShowdown,Safety Center,,,,,,,defeat,,,,,,,,,,,,,,,
pigeon voyageur,COLETTE,brawlBall,Freezing ripples,,,victory,,,,,,,,,,,,,,,,,,,
pigeon voyageur,COLETTE,duoShowdown,The Galaxy,victory,,,,,,,,,,,,,,,,,,,,,
pigeon voyageur,COLT,bounty,The Great Open,,,,,victory,,,,,,,,,,,,,,,,,
pigeon voyageur,COLT,brawlBall,Great waves,,,,,,,,,,,,,,,defeat,,,,,,,
pigeon voyageur,COLT,duoShowdown,Double Trouble,,,,,,,,,,,,,,,victory,,,,,,,
pigeon voyageur,COLT,duoShowdown,Forsaken Falls,,,,,,,,,,,,,,draw,,,,,,,,
pigeon voyageur,COLT,duoShowdown,Safety Center,,,,,,,,,,,,,,,victory,,,,,,,
pigeon voyageur,COLT,duoShowdown,Skull Creek,,,,,,,,,,,,,,,,victory,,,,,,
pigeon voyageur,COLT,knockout,Belle's Rock,,,,,,,,,,,,,,,,,,defeat,,,,
pigeon voyageur,COLT,soloShowdown,Double Trouble,,,,,,,,,,,victory,defeat,,,,,,,,,,
pigeon voyageur,COLT,soloShowdown,Dune Drift,,,,,,,,,,,,,victory,victory,,,,,,,,
pigeon voyageur,COLT,wipeout,Snake Prairie,,,,,,,,,,,,,,defeat,,,,,,,,
pigeon voyageur,DYNAMIKE,soloShowdown,Dune Drift,,,,defeat,victory,,,,,,,,,,,,,,,,,
pigeon voyageur,EDGAR,brawlBall,Freezing ripples,,,defeat,,,,,,,,,,,,,,,,,,,
pigeon voyageur,EDGAR,soloShowdown,,,,,,,,,,,,,,,,defeat,,,,,,,
pigeon voyageur,EDGAR,soloShowdown,Cavern Churn,,,defeat,,,,,,,,,,,,,,,,,,,
pigeon voyageur,EL PRIMO,soloShowdown,Cavern Churn,,,,,,,,,,draw,,,,,,,,,,,,
pigeon voyageur,EMZ,duoShowdown,Double Trouble,,,,,,,,,,,,,,,victory,,,,,,,
pigeon voyageur,EMZ,soloShowdown,The Galaxy,,victory,,,,,,,,,,,,,,,,,,,,
pigeon voyageur,GENE,duoShowdown,Stormy Plains,,,,,,,,,victory,,,,,,,,,,,,,
pigeon voyageur,GENE,soloShowdown,Skull Creek,,,,,,,victory,,,,,,,,,,,,,,,
pigeon voyageur,GENE,soloShowdown,Stormy Plains,,,,,,,,,victory,,,,,,,,,,,,,
pigeon voyageur,GENE,soloShowdown,The Galaxy,defeat,,,,,,,,,,,,,,,,,,,,,
pigeon voyageur,GRIFF,soloShowdown,Dune Drift,,,,victory,,,,,,,,,,,,,,,,,,
pigeon voyageur,GRIFF,soloShowdown,Skull Creek,,,,,,,,defeat,,,,,,,,,,,,,,
pigeon voyageur,MAX,duoShowdown,Dune Drift,,,,,,,,,,,,,,,,,,,,,draw,
pigeon voyageur,MAX,duoShowdown,Safety Center,,,,,,victory,victory,,,,,,,,,,,,,,,
pigeon voyageur,MAX,duoShowdown,Stormy Plains,,,,,,,,,,,,,,,,victory,victory,,,,,
pigeon voyageur,MAX,duoShowdown,The Galaxy,,,,,,,,,victory,victory,,,,,,,,,,,,
pigeon voyageur,MAX,knockout,Out in the Open,,,,,,,,,,,,,,,,,defeat,,,,,
pigeon voyageur,MAX,knockout,Waters of Doom,,,,,,,,,,,,,,,,,defeat,,,,,
pigeon voyageur,MAX,soloShowdown,,,,,,,,defeat,,,,,,,,,,,,,,,
pigeon voyageur,MAX,soloShowdown,Dune Drift,,,,,,,,,,,,,defeat,,,,,,,,,
pigeon voyageur,MAX,soloShowdown,Stormy Plains,,,,,,,,,,,,,,,,,victory,,,,,
pigeon voyageur,MAX,soloShowdown,The Galaxy,,,,,,,,,,defeat,,,,,,,,,,,,
pigeon voyageur,NANI,knockout,Belle's Rock,,,,,,,,,,defeat,,,,,,,,,,,,
pigeon voyageur,NANI,knockout,Waters of Doom,,,,,,,,,,defeat,,,,,,,,,,,,
pigeon voyageur,NANI,soloShowdown,Cavern Churn,,,,,,,,,,victory,,,,,,,,,,,,
pigeon voyageur,PAM,soloShowdown,Dune Drift,,,,victory,,,,,,,,,,,,,,,,,,
pigeon voyageur,PEARL,duoShowdown,Safety Center,,,,,,victory,,,,,,,,,,,,,,,,
pigeon voyageur,PEARL,duoShowdown,Stormy Plains,,,,,,,,,,,,,,,,,victory,,,,,
pigeon voyageur,PEARL,gemGrab,Double Swoosh,,,,,,,,,,defeat,,,,,,,,,,,,
pigeon voyageur,PEARL,knockout,Belle's Rock,,,,,,,,,,,,,,,,,,defeat,,,,
pigeon voyageur,PEARL,knockout,Out in the Open,,,,,,,,victory,,,,,,,,,,,,,,
pigeon voyageur,PEARL,knockout,Waters of Doom,,,,,,,,,,defeat,,,,,,,,,,,,
pigeon voyageur,PEARL,soloShowdown,Safety Center,,,,,,,defeat,,,,,,,,,,,,,,,
pigeon voyageur,PEARL,soloShowdown,Skull Creek,,,,,,,defeat,victory,,,,,,,,,,,,,,
pigeon voyageur,PENNY,hotZone,Ring of Fire,,,,,defeat,,,,,,,,,,,,,,,,,
pigeon voyageur,RICO,soloShowdown,Safety Center,,,,,,,defeat,,,,,,,,,,,,,,,
pigeon voyageur,ROSA,duoShowdown,Stormy Plains,,,,,,,,,,,,,,,,,victory,,,,,
pigeon voyageur,ROSA,soloShowdown,Skull Creek,,,,,,,defeat,,,,,,,,,,,,,,,
pigeon voyageur,SURGE,soloShowdown,Stormy Plains,,,,,,,,,draw,,,,,,,,,,,,,
pigeon voyageur,TARA,knockout,Belle's Rock,,,,,,,,,,,,,,,,,,defeat,,,,
pigeon voyageur,Unknown,hunters,Hunting Season,,,,,,,,,,,,,Unknown,,,,,,,,,
pigeon voyageur,Unknown,hunters,Omega,,,,,,,,,,,,,,,,,Unknown,,,,,
pigeon voyageur,Unknown,roboRumble,Last Stand,,,,,,,,,,Unknown,,,,,,,,,,,,
Deletto_blue,8-BIT,heist,Bridge Too Far,,,,,,,,,,,victory,,,,,,,,,,,
Deletto_blue,8-BIT,knockout,Goldarm Gulch,,,,,,,,,,,,,,,,,,,,,,defeat
Deletto_blue,BARLEY,duoShowdown,Dune Drift,,,,,,,,,,,,,,,,,,,,,victory,
Deletto_blue,BARLEY,soloShowdown,Forsaken Falls,,,,,,,,,,,,,,defeat,,,,,,,,
Deletto_blue,BEA,soloShowdown,Forsaken Falls,,,,,,,,,,,,,,victory,,,,,,,,
Deletto_blue,BO,brawlBall,Galaxy Arena,,,,,,victory,,,,,,,,,,,,,,,,
Deletto_blue,BO,brawlBall,Off the Line,,,,,,victory,,,,,,,,,,,,,,,,
Deletto_blue,BO,brawlBall,Power Shot,,,victory,,,,,,,,defeat,,,,,,,,,,,
Deletto_blue,BO,duoShowdown,Double Trouble,,,,,,,,,,,,,,,victory,,,,,,,
Deletto_blue,BROCK,brawlBall,Power Shot,,,defeat,,,,,,,,,,,,,,,,,,,
Deletto_blue,BROCK,gemGrab,Open Space,victory,,,,,,,,,,,,,,,,,,,,,
Deletto_blue,BROCK,knockout,Flaring Phoenix,,,,defeat,,,,,,,,,,,,,,,,,,
Deletto_blue,BULL,brawlBall,Backyard Bowl,,victory,,,,,,,,,,,,,,,,,,,,
Deletto_blue,BULL,brawlBall,Winter Party,,,,,,,,,,,,,,,,,defeat,,,,,
Deletto_blue,BULL,duoShowdown,Stormy Plains,,,,,,,,,,,,,,,,,victory,,,,,
Deletto_blue,BUZZ,soloShowdown,Safety Center,,,,,,,,,,,,,,,victory,,,,,,,
Deletto_blue,BUZZ,soloShowdown,Skull Creek,,,,,,,,,,,,,,,,defeat,,,,,,
Deletto_blue,CARL,brawlBall,Power Shot,,,victory,,,,,,,,,,,,,,,,,,,
Deletto_blue,CARL,brawlBall,Winter Party,,,,,,,,,,,,,,,,,defeat,,,,,
Deletto_blue,CARL,soloShowdown,Stormy Plains,,,,,,,,,,,,,,,,,defeat,,,,,
Deletto_blue,COLT,bounty,The Great Open,,,,victory,,,,,,,,,,,,,,,,,,
Deletto_blue,COLT,brawlBall,Great waves,,,,,,,,,,,,,,,defeat,,,,,,,
Deletto_blue,COLT,brawlBall,Retina,,,,,,,defeat,defeat,,,,,,,,,,,,,,
Deletto_blue,COLT,brawlBall,Triple Dribble,,,,,victory,,,,,,,,,,,,,,,,,
Deletto_blue,COLT,duoShowdown,Double Trouble,,,,,,,,,,,,,,,victory,,,,,,,
Deletto_blue,COLT,duoShowdown,Skull Creek,,,,,,,,victory,,,,,,,,,,,,,,
Deletto_blue,COLT,gemGrab,Close Call,,,,,victory,,,,,,,,,,,,,,,,,
Deletto_blue,COLT,gemGrab,Double Swoosh,,,,,,,,,,victory,,,,,,,,,,,,
Deletto_blue,COLT,gemGrab,Hard Rock Mine,,,,victory,,,,,,,,,,,,,,,,,,
Deletto_blue,COLT,gemGrab,Open Space,victory,,,,,,,,,,,,,,,,,,,,,
Deletto_blue,COLT,heist,Tornado Ring,defeat,,,,,,,,,,,,,,,,,,,,,
Deletto_blue,COLT,hotZone,Checkered,,,,,,,,,,,defeat,,,,,,,,,,,
Deletto_blue,COLT,hotZone,Ring of Fire,,,,defeat,,,,,,defeat,,,,,,,,,,,,
Deletto_blue,COLT,hotZone,The Great Divide,,,,,victory,,,,,,,,,,,,,,,,,
Deletto_blue,COLT,knockout,Belle's Rock,,,,,,,,,,victory,victory,,,,,,,,,,,
Deletto_blue,COLT,knockout,Close Quarters,,,,victory,victory,,,,,,,,,,,,,,,,,
Deletto_blue,COLT,soloShowdown,Safety Center,,,,,,,victory,,,,,,,,,,,,,,,
Deletto_blue,COLT,soloShowdown,Skull Creek,,,,,,,,defeat,,,,,,,,,,,,,,
Deletto_blue,COLT,wipeout,Shooting Star,,,,victory,,,,,,,,,,,,,,,,,,
Deletto_blue,DARRYL,brawlBall,Galaxy Arena,,,,,,defeat,,,,,,,,,,,,,,,,
Deletto_blue,DARRYL,brawlBall,Off the Line,,,,,,defeat,,,,,,,,,,,,,,,,
Deletto_blue,DARRYL,hotZone,Ring of Fire,,,,victory,,,,,,,,,,,,,,,,,,
Deletto_blue,DYNAMIKE,soloShowdown,,,,,,,,,,,,,,,,defeat,,,,,,,
Deletto_blue,DYNAMIKE,soloShowdown,Safety Center,,,,,,,victory,,,,,,,,,,,,,,,
Deletto_blue,EL PRIMO,heist,Tornado Ring,defeat,,,,,,,,,,,,,,,,,,,,,
Deletto_blue,EL PRIMO,soloShowdown,Double Trouble,,,,,,,,,,,,victory,,,,,,,,,,
Deletto_blue,EL PRIMO,wipeout,Slippery road,,,,,,,,,,,,,,,defeat,,,,,,,
Deletto_blue,EMZ,brawlBall,Power Shot,,,,,,,,,,,defeat,,,,,,,,,,,
Deletto_blue,EMZ,duoShowdown,Dune Drift,,,,,,,,,,,,,,,,,,,,,victory,
Deletto_blue,EMZ,duoShowdown,Skull Creek,,,,,,,,victory,,,,,,,,,,,,,,
Deletto_blue,EMZ,soloShowdown,Skull Creek,,,,,,,,victory,,,,,,,,,,,,,,
Deletto_blue,EMZ,soloShowdown,Stormy Plains,,,,,,,,victory,victory,,,,,,,,,,,,,
Deletto_blue,FRANK,brawlBall,Backyard Bowl,,victory,,,,,,,,,,,,,,,,,,,,
Deletto_blue,FRANK,brawlBall,Galaxy Arena,,,,,,victory,,,,,,,,,,,,,,,,
Deletto_blue,FRANK,duoShowdown,Cavern Churn,,,victory,,,,,,,,,,,,,,,,,,,
Deletto_blue,FRANK,duoShowdown,Stormy Plains,victory,,,,,,,,,,,,,,,,,,,,,
Deletto_blue,FRANK,heist,Tornado Ring,victory,,,,,,,,,,,,,,,,,,,,,
Deletto_blue,FRANK,hotZone,The Great Divide,,,,,victory,,,,,,,,,,,,,,,,,
Deletto_blue,FRANK,soloShowdown,Cavern Churn,,,,,,,,,,,victory,,,,,,,,,,,
Deletto_blue,FRANK,wipeout,Slippery road,,,,,,,,,,,,,,,defeat,,,,,,,
Deletto_blue,GUS,duoShowdown,Dune Drift,,,,,,,,,,,,,,,,,,,,,victory,
Deletto_blue,JACKY,brawlBall,Backyard Bowl,,victory,,,,,,,,,,,,,,,,,,,,
Deletto_blue,JACKY,soloShowdown,Forsaken Falls,,,,,,,,,,,,,,victory,,,,,,,,
Deletto_blue,JACKY,soloShowdown,Safety Center,,,,,,,,,,,,,,,victory,,,,,,,
Deletto_blue,JESSIE,brawlBall,Backyard Bowl,,victory,,,,,,,,,,,,,,,,,,,,
Deletto_blue,JESSIE,duoShowdown,The Galaxy,,,,,,,,,,victory,,,,,,,,,,,,
Deletto_blue,JESSIE,soloShowdown,The Galaxy,,,,,,,,,,victory,,,,,,,,,,,,
Deletto_blue,MORTIS,duoShowdown,Stormy Plains,victory,,,,,,,,,,,,,,,,,,,,,
Deletto_blue,MORTIS,soloShowdown,Forsaken Falls,,,,,,,,,,,,,,victory,,,,,,,,
Deletto_blue,NITA,brawlBall,Backyard Bowl,,victory,,,,,,,,,,,,,,,,,,,,
Deletto_blue,NITA,gemGrab,Hard Rock Mine,,,,,,,,,,,,,,,,,,,,,,defeat
Deletto_blue,NITA,knockout,Goldarm Gulch,,,,,,,,,,,,,,,,,,,,,,defeat
Deletto_blue,NITA,soloShowdown,Forsaken Falls,,,,,,,,,,,,,,,,,,,,,,defeat
Deletto_blue,PENNY,knockout,Belle's Rock,,,,,,,,,,,victory,,,,,,,,,,,
Deletto_blue,PENNY,knockout,Goldarm Gulch,,,,,,,,,,,,,,,,,,,,,,victory
Deletto_blue,PENNY,wipeout,Icy ice park,,,,,,,,,,,,,,,,,,,,,,victory
Deletto_blue,PIPER,duoShowdown,Dune Drift,,,,,,,,,,,,,,,,,,,,,draw,
Deletto_blue,PIPER,duoShowdown,Stormy Plains,,,,,,,,,,,,,,,,,victory,,,,,
Deletto_blue,PIPER,hotZone,Checkered,,,,,,,,,,,victory,,,,,,,,,,,
Deletto_blue,PIPER,soloShowdown,Skull Creek,,,,,,,,,,,,,,,,victory,,,,,,
Deletto_blue,PIPER,wipeout,Icy ice park,,,,,,,,,,,victory,,,,,,,,,,,
Deletto_blue,POCO,duoShowdown,Stormy Plains,victory,,,,,,,,,,,,,,,,,,,,,
Deletto_blue,POCO,wipeout,Slippery road,,,,,,,,,,,,,,,defeat,,,,,,,
Deletto_blue,RICO,heist,Bridge Too Far,,,,,,,,,,,defeat,,,,,,,,,,,
Deletto_blue,RICO,soloShowdown,Cavern Churn,,,,,,,,,,,victory,,,,,,,,,,,
Deletto_blue,ROSA,brawlBall,Backyard Bowl,,victory,,,,,,,,,,,,,,,,,,,,
Deletto_blue,TARA,duoShowdown,The Galaxy,,,,,,,,,,victory,,,,,,,,,,,,
Deletto_blue,Unknown,bossFight,Machine Zone,,,,,,,,,,,,,,,,,victory,,,,,
Deletto_blue,Unknown,roboRumble,Last Stand,,,,,,,,,,Unknown,,,,,,,,,,,,
pioupiou,AMBER,bounty,,defeat,,,,,,,,,,,,,,,,,,,,,
pioupiou,AMBER,brawlBall,Winter Party,defeat,,,,,,,,,,,,,,,,,,,,,
pioupiou,BEA,brawlBall,Winter Party,,,,,,,,,,,,,,,,,defeat,,,,,
pioupiou,BEA,knockout,Waters of Doom,victory,,,,,,,,,,,,,,,,,,,,,
pioupiou,BIBI,brawlBall,Galaxy Arena,,,,,defeat,,,,,,,,,,,,,,,,,
pioupiou,BO,brawlBall,Power Shot,,,defeat,,,,,,,,,,,,,,,,,,,
pioupiou,BROCK,brawlBall,Backyard Bowl,,,,,,,,,,,,,,,,,,,,victory,,
pioupiou,BROCK,brawlBall,Winter Party,victory,,,,,,,,,,,,,,,,,,,,,
pioupiou,BROCK,knockout,Waters of Doom,victory,,,,,,,,,,,,,,,,,,,,,
pioupiou,COLT,bounty,The Great Open,,,,,,victory,,,,,,,,,,,,,,,,
pioupiou,COLT,brawlBall,Backyard Bowl,,,,,,,,,,,,,,,,,,,,victory,,
pioupiou,COLT,brawlBall,Great waves,,,,,,,,,,,,,,,victory,,,,,,,
pioupiou,COLT,brawlBall,Triple Dribble,,,,,,,,defeat,,,,,,,,,,,,,,
pioupiou,COLT,brawlBall,Winter Party,,,,,,,,,,,,,,,,,defeat,,,,,
pioupiou,COLT,heist,Tornado Ring,,,,,,,,victory,,,,,,,,,,,,,,
pioupiou,COLT,hotZone,Open Zone,defeat,,,,,,,,,,,,,,,,,,,,,
pioupiou,COLT,hotZone,Ring of Fire,,,,,,,,victory,,,,,,,,,,,,,,
pioupiou,COLT,soloShowdown,Skull Creek,,,,,,,,defeat,,,,,,,,,,,,,,
pioupiou,CROW,brawlBall,Power Shot,,,,,,,,,,,victory,,,,,,,,,,,
pioupiou,CROW,brawlBall,Retina,,,,,,,,,,,,,,,defeat,,,,,,,
pioupiou,DYNAMIKE,duoShowdown,Double Trouble,,,,,,,,,,,,,,,victory,,,,,,,
pioupiou,DYNAMIKE,soloShowdown,,,,,,,,,,,,,,,,draw,,,,,,,
pioupiou,EL PRIMO,wipeout,Slippery road,,,,,,,,,,,,,,,victory,,,,,,,
pioupiou,EMZ,brawlBall,Power Shot,,,,,,,,,,,defeat,,,,,,,,,,,
pioupiou,FANG,brawlBall,Backyard Bowl,,,,,,,,,,,,,,,,,,defeat,,,,
pioupiou,FANG,brawlBall,Power Shot,,,,,,,,,,,defeat,,,,,,,,,,,
pioupiou,FANG,brawlBall,Winter Party,,,,,,,,,defeat,,,,,,,,,,,,,
pioupiou,FANG,soloShowdown,The Galaxy,,,,,,,,,,,,,,,,,,victory,,,,
pioupiou,LEON,bounty,,defeat,,,,,,,,,,,,,,,,,,,,,
pioupiou,LEON,brawlBall,Winter Party,defeat,,,,,,,,,,,,,,,,,,,,,
pioupiou,MAX,bounty,,victory,,,,,,,,,,,,,,,,,,,,,
pioupiou,NANI,knockout,Close Quarters,,,,,,,,,,,defeat,,,,,,,,,,,
pioupiou,NITA,brawlBall,Backyard Bowl,,,,,,,,,,,,,,,,,,,,victory,,
pioupiou,NITA,gemGrab,Close Call,,,,,,defeat,,,,,,,,,,,,,,,,
pioupiou,RICO,brawlBall,Winter Party,victory,,,,,,,,,,,,,,,,,,,,,
pioupiou,RICO,knockout,Waters of Doom,defeat,,,,,,,,,,,,,,,,,,,,,
pioupiou,SPIKE,brawlBall,Winter Party,defeat,,,,,,,,,,,,,,,,,,,,,
pioupiou,SPROUT,brawlBall,Triple Dribble,,,,,,,,defeat,,,,,,,,,,,,,,
pioupiou,SQUEAK,brawlBall,Triple Dribble,,,,,,,,defeat,,,,,,,,,,,,,,
pioupiou,SQUEAK,brawlBall,Winter Party,defeat,,,,,,,,,,,,,,,,,,,,,
pioupiou,STU,brawlBall,Winter Party,victory,,,,,,,,,,,,,,,,,,,,,
pioupiou,STU,duoShowdown,Double Trouble,,,,,,,,,,,,,,,victory,,,,,,,
Enzo 2b20,BO,soloShowdown,Cavern Churn,,,,,,,,,,,,,,,,,,,defeat,,,
Enzo 2b20,BULL,brawlBall,Freezing ripples,,,defeat,,,,,,,,,,,,,,,,,,,
Enzo 2b20,BULL,duoShowdown,Cavern Churn,,,victory,,,,,,,,,,,,,,,victory,,,,
Enzo 2b20,BULL,soloShowdown,Cavern Churn,,,,,,,,,,,defeat,,,,,,,,,,,
Enzo 2b20,BULL,soloShowdown,Double Trouble,,,,,,,,,,,,victory,,,,,,,,,,
Enzo 2b20,BULL,soloShowdown,Stormy Plains,victory,,,,,,,,,,,,,,,,,,,,,
Enzo 2b20,BUSTER,knockout,Close Quarters,,,,,,,,,,,,,,,,,,,defeat,,,
Enzo 2b20,BUZZ,soloShowdown,Cavern Churn,,,,,,,,,,,defeat,,,,,,,,,,,
Enzo 2b20,BYRON,duoShowdown,Forsaken Falls,,,,,,,,,,,,,,victory,,,,,,,,
Enzo 2b20,BYRON,knockout,Healthy Middle Ground,,,,,,,,,,,,,,defeat,,,,,,,,
Enzo 2b20,CARL,duoShowdown,Dune Drift,victory,,,,,,,,,,,,,,,,,,,,,
Enzo 2b20,CHARLIE,duoShowdown,Forsaken Falls,,,,,,,,,,,,,,victory,,,,,,,,
Enzo 2b20,CHARLIE,duoShowdown,Skull Creek,,,,,,,,victory,,,,,,,,,,,,,,
Enzo 2b20,CHARLIE,duoShowdown,Stormy Plains,,,,,,,,draw,,,,,,,,,,,,,,
Enzo 2b20,CHARLIE,knockout,Flaring Phoenix,,,,defeat,,,,,,,,,,,,,,,,,,
Enzo 2b20,CHARLIE,knockout,Out in the Open,,,,,,,,defeat,,,,,,,,,,,,,,
Enzo 2b20,CHARLIE,soloShowdown,Forsaken Falls,,,,,,,,,,,,,,,,,,,,,,defeat
Enzo 2b20,CHESTER,duoShowdown,Dune Drift,,,,,victory,,,,,,,,,,,,,,,,,
Enzo 2b20,CHESTER,duoShowdown,Skull Creek,,,,,,,,victory,,,,,,,,,,,,,,
Enzo 2b20,CHESTER,knockout,Goldarm Gulch,,,,,victory,,,,,,,,,,,,,,,,,
Enzo 2b20,CHESTER,knockout,Out in the Open,,,,,,,,defeat,,,,,,,,,,,,,,
Enzo 2b20,CHESTER,soloShowdown,Dune Drift,,,,,victory,,,,,,,,,,,,,,,,,
Enzo 2b20,COLT,brawlBall,Great waves,,,,,,,,,,,,,,,victory,,,,,,,
Enzo 2b20,CROW,duoShowdown,Dune Drift,,,,,,,,,,,,,,,,,,,,,draw,
Enzo 2b20,DOUG,duoShowdown,Skull Creek,,,,,,,,victory,,,,,,,,,,,,,,
Enzo 2b20,DOUG,soloShowdown,Double Trouble,,,,,,,,,,,,defeat,,,,,,,,,,
Enzo 2b20,DYNAMIKE,soloShowdown,Stormy Plains,draw,,,,,,,,,,,,,,,,,,,,,
Enzo 2b20,EDGAR,duoShowdown,Stormy Plains,,,,,,,,,,,,,,,,,victory,,,,,
Enzo 2b20,EDGAR,heist,,,,,,,,,,,,,,,,,,,,defeat,,,
Enzo 2b20,EDGAR,knockout,Close Quarters,,,,,,,,,,,,,,,,,,,defeat,,,
Enzo 2b20,EDGAR,knockout,Waters of Doom,,,,,,,,,,,,,,,,,victory,,,,,
Enzo 2b20,EL PRIMO,wipeout,Slippery road,,,,,,,,,,,,,,,victory,,,,,,,
Enzo 2b20,FANG,bounty,The Great Open,,,,victory,,,,,,,,,,,,,,,,,,
Enzo 2b20,FANG,brawlBall,Encirclement,,,defeat,,,,,,,,,,,,,,,,,,,
Enzo 2b20,FANG,duoShowdown,Double Trouble,,,,,,,,,,,,victory,,,victory,,,,,,,
Enzo 2b20,FANG,duoShowdown,Dune Drift,,,,,,,,,,,,victory,,,,,,,,,,
Enzo 2b20,FANG,hotZone,Ring of Fire,,,defeat,,,,,,,,,,,,,,,,,,,
Enzo 2b20,FANG,knockout,Goldarm Gulch,,,,,,,,,,,,,,,,,,,,,,defeat
Enzo 2b20,FANG,knockout,Out in the Open,,,,,,,,victory,,,,,,,,,,,,,,
Enzo 2b20,FANG,soloShowdown,,defeat,,,,,,,,,,,,,,defeat,,,,,,,
Enzo 2b20,FRANK,duoShowdown,Dune Drift,victory,,,,,,,,,,,,,,,,,,,,,
Enzo 2b20,FRANK,duoShowdown,Forsaken Falls,victory,,,,,,,,,,,,,victory,,,,,,,,
Enzo 2b20,FRANK,soloShowdown,Cavern Churn,,,,,,,,,,,victory,,,,,,,,,,,
Enzo 2b20,FRANK,wipeout,Slippery road,,,,,,,,,,,,,,,victory,,,,,,,
Enzo 2b20,GRIFF,duoShowdown,Double Trouble,,,,,,,,,,,,victory,,,,,,,,,,
Enzo 2b20,GROM,knockout,Healthy Middle Ground,,,,,,,,,,,,,,victory,,,,,,,,
Enzo 2b20,HANK,knockout,Goldarm Gulch,,,,,,,,,,,,,,,,,,,,,victory,
Enzo 2b20,HANK,knockout,Healthy Middle Ground,,,,,,victory,,,,,,,,,,,,,,,,
Enzo 2b20,HANK,soloShowdown,Forsaken Falls,,,,,,victory,,,,,,,,,,,,,,,,
Enzo 2b20,JACKY,soloShowdown,Cavern Churn,,,,,,,,,,,victory,,,,,,,,,,,
Enzo 2b20,LEON,brawlBall,Triple Dribble,,,,victory,,,,,,,,,,,,,,,,,,
Enzo 2b20,LEON,duoShowdown,Double Trouble,,,,,,,,,,,,victory,,,victory,,,,,,,
Enzo 2b20,LEON,duoShowdown,Skull Creek,,,,,,,,victory,,,,,,,,,,,,,,
Enzo 2b20,LEON,duoShowdown,Stormy Plains,,,,,,,,,,,,,,,,,victory,,,,,
Enzo 2b20,LEON,gemGrab,Close Call,,,defeat,,,,,,,,,,,,,,,,,,,
Enzo 2b20,LEON,gemGrab,Hard Rock Mine,,,victory,defeat,,,,,,,,,,,,,,,,,,
Enzo 2b20,LEON,hotZone,Ring of Fire,,,defeat,,,,,,,,,,,,,,,,,,,
Enzo 2b20,LEON,knockout,Close Quarters,,,victory,,,,,,,,,,,,,,,,,,,
Enzo 2b20,LEON,knockout,Goldarm Gulch,,,,,,,,,,,,,,,,,,,,,,victory
Enzo 2b20,LEON,soloShowdown,Safety Center,draw,,,,,,,,,,,,,,,,,,,,,
Enzo 2b20,LEON,wipeout,Shooting Star,,,defeat,defeat,,,,,,,,,,,,,,,,,,
Enzo 2b20,MEG,duoShowdown,Dune Drift,victory,,,,,,,,,,,,,,,,,,,,,
Enzo 2b20,MICO,duoShowdown,The Galaxy,,draw,,,,,,,,,,,,,,,,,,,,
Enzo 2b20,MORTIS,soloShowdown,Double Trouble,,,,,,,,,,,,victory,,,,,,,,,,
Enzo 2b20,MORTIS,soloShowdown,Safety Center,,,,,,,defeat,,,,,,,,,,,,,,,
Enzo 2b20,MORTIS,soloShowdown,Skull Creek,,,,,,,,defeat,,,,,,,,,,,,,,
Enzo 2b20,PEARL,brawlBall,Freezing ripples,,,victory,,,,,,,,,,,,,,,,,,,
Enzo 2b20,PEARL,duoShowdown,Cavern Churn,,victory,,,,,,,,,,,,,,,,,,,,
Enzo 2b20,PEARL,knockout,Flaring Phoenix,,,,victory,,,,,,,,,,,,,,,,,,
Enzo 2b20,PENNY,duoShowdown,Dune Drift,victory,,,,,,,,,,,,,,,,,,,,,
Enzo 2b20,PIPER,duoShowdown,Double Trouble,,,,,,,,,,,,victory,,,,,,,,,,
Enzo 2b20,POCO,knockout,Close Quarters,,,,,,,,,,,,,,,,,,,defeat,,,
Enzo 2b20,POCO,wipeout,Slippery road,,,,,,,,,,,,,,,victory,,,,,,,
Enzo 2b20,R-T,brawlBall,Winter Party,defeat,,,,,,,,,,,,,,,,,,,,,
Enzo 2b20,R-T,duoShowdown,Dune Drift,,,,,victory,,,,,,,,,,,,,,,,,
Enzo 2b20,R-T,duoShowdown,Forsaken Falls,,,,,victory,,,,,,,,,,,,,,,,,
Enzo 2b20,R-T,duoShowdown,Stormy Plains,victory,,,,,,,,,,,,,,,,,,,,,
Enzo 2b20,R-T,knockout,Belle's Rock,,,,,,,,,,,victory,,,,,,,,,,,
Enzo 2b20,R-T,knockout,Flaring Phoenix,,,,victory,,,,,,,,,,,,,,,,,,
Enzo 2b20,R-T,knockout,Goldarm Gulch,,,,,victory,,,,,,,,,,,,,,,,,
Enzo 2b20,R-T,soloShowdown,Forsaken Falls,,,,,victory,,,,,,,,,,,,,,,,,
Enzo 2b20,R-T,soloShowdown,Stormy Plains,victory,,,,,,,,,,,,,,,,,,,,,
Enzo 2b20,ROSA,knockout,Healthy Middle Ground,,,,,,,,,,,,,,victory,,,,,,,,
Enzo 2b20,ROSA,soloShowdown,Cavern Churn,,,,,,,,,,,defeat,,,,,,,,,,,
Enzo 2b20,RUFFS,duoShowdown,Forsaken Falls,,,,,,,,,,,,,,victory,,,,,,,,
Enzo 2b20,SAM,brawlBall,Encirclement,,,,defeat,,,,,,,,,,,,,,,,,,
Enzo 2b20,SAM,knockout,Out in the Open,,,,,,,,,,,,,,,,,defeat,,,,,
Enzo 2b20,SAM,soloShowdown,Dune Drift,,,,,victory,,,,,,,,,,,,,,,,,
Enzo 2b20,SAM,soloShowdown,Skull Creek,,,,,,,,,,,,,,,,victory,,,,,,
Enzo 2b20,SAM,soloShowdown,The Galaxy,,,,,,,,,,,,,,,,,victory,,,,,
Enzo 2b20,SANDY,duoShowdown,Dune Drift,,,,victory,,,,,,,,,,,,,,,,,,
Enzo 2b20,SANDY,duoShowdown,Skull Creek,,,,,,,,victory,,,,,,,,victory,,,,,,
Enzo 2b20,SANDY,knockout,Flaring Phoenix,,,,defeat,,,,,,,,,,,,,,,,,,
Enzo 2b20,SANDY,soloShowdown,Forsaken Falls,,,,,,,,,,,,,,,,,,,,,,victory
Enzo 2b20,SHELLY,soloShowdown,Cavern Churn,,,,,,,,,,,victory,,,,,,,,victory,,,
Enzo 2b20,SHELLY,soloShowdown,Forsaken Falls,,,,,victory,,,,,,,,,,,,,,,,,defeat
Enzo 2b20,SPIKE,brawlBall,Encirclement,,,defeat,,,,,,,,,,,,,,,,,,,
Enzo 2b20,SURGE,duoShowdown,Stormy Plains,,,,,,,,,,,,,,,,victory,,,,,,
Enzo 2b20,TARA,knockout,Close Quarters,,,,,,,,,,,,,,,,,,,defeat,,,
Enzo 2b20,TARA,knockout,Out in the Open,,,,,,,,,,,,,,,,,defeat,,,,,
Enzo 2b20,TARA,knockout,Waters of Doom,,,,,,,,,,,,,,,,,victory,,,,,
Enzo 2b20,TICK,soloShowdown,Cavern Churn,,,,,,,,,,,defeat,,,,,,,,,,,
LE PGM,8-BIT,gemGrab,Minecart Madness,,,,,,,,victory,,,,,,,,,,,,,,
LE PGM,AMBER,heist,Bridge Too Far,,,,,,,,,,defeat,,,,,,,,,,,,
LE PGM,ASH,brawlBall,,,,,,,,,,,,,,,,,defeat,,,,,,
LE PGM,ASH,brawlBall,Triple Dribble,,,,,,,,,,,,,,,,victory,,,,,,
LE PGM,ASH,duoShowdown,Skull Creek,,,,,,,,,,,,,,,,victory,,,,,,
LE PGM,ASH,duoShowdown,Stormy Plains,,,,,,,,,,,,,,,,victory,,,,,,
LE PGM,ASH,soloShowdown,Skull Creek,,,,,,,,,,,,,,,,victory,,,,,,
LE PGM,ASH,soloShowdown,Stormy Plains,,,,,,,,,,,,,,,,victory,,,,,,
LE PGM,BEA,knockout,Waters of Doom,,victory,,,,,,,,,,,,,,,,,,,,
LE PGM,BEA,soloShowdown,Dune Drift,,,,,,,,,,,,defeat,,,,,,,,,,
LE PGM,BELLE,duoShowdown,Forsaken Falls,,,,,victory,,,,,,,,,,,,,,,,,
LE PGM,BELLE,duoShowdown,Skull Creek,,,,,,,,,,,,,,,,victory,,,,,,
LE PGM,BELLE,duoShowdown,Stormy Plains,victory,,,,,,,,,,,,,,,,,,,,,
LE PGM,BELLE,knockout,Waters of Doom,,victory,,,,,,,,,,,,,,,,,,,,
LE PGM,BELLE,soloShowdown,Skull Creek,,,,,,,,,,,,,,,victory,,,,,,,
LE PGM,BIBI,duoShowdown,Forsaken Falls,,,,,,,,,,,,,,,,,,,,,,victory
LE PGM,BO,duoShowdown,Cavern Churn,,,victory,,,,,,,,,,,,,,,,victory,,,
LE PGM,BO,soloShowdown,Cavern Churn,,,victory,,,,,,,,,,,,,,,,,,,
LE PGM,BROCK,duoShowdown,Double Trouble,,,,,,,,,,,,,,,,,,,,victory,,
LE PGM,BROCK,soloShowdown,Double Trouble,,,,,,,,,,,,,,,,,,,,defeat,,
LE PGM,BROCK,soloShowdown,Stormy Plains,defeat,,,,,,,,,,,,,,,,,,,,,
LE PGM,BUSTER,duoShowdown,,,,,,,,,,,,,,victory,,,,,,,,,
LE PGM,BUSTER,duoShowdown,Dune Drift,,,,,,,,,,,,,victory,,,,,,,,,
LE PGM,BUSTER,duoShowdown,Skull Creek,,,,,,,,,,,,,,,,victory,,,,,,
LE PGM,BUSTER,gemGrab,Double Swoosh,,,,,,,,,,,,,victory,,,,,,,,,
LE PGM,BUSTER,gemGrab,Hard Rock Mine,,,victory,,,,,,,,,,,,,,,,,,,
LE PGM,BUSTER,gemGrab,Last Stop,,,,,,,victory,,,,,,,,,,,,,,,
LE PGM,BUSTER,hotZone,Ring of Fire,,,defeat,,,,,,,,,,,,,,,,,,,
LE PGM,BUZZ,brawlBall,Triple Dribble,,,,,,,,,,,,,,,,defeat,,,,,,
LE PGM,BUZZ,duoShowdown,Dune Drift,,,,,,,,,,,,,,,,,,,,,draw,
LE PGM,BUZZ,knockout,Belle's Rock,,,,,,,,,,victory,,,,,,,,,,,,
LE PGM,BYRON,brawlBall,Backyard Bowl,,defeat,,,,,,,,,,,,,,,,,,,,
LE PGM,BYRON,duoShowdown,Dune Drift,,,,,,,,,,,,,,,,,,,,,victory,
LE PGM,BYRON,duoShowdown,Safety Center,,,,,,,,,,,,,,,victory,,,,,,,
LE PGM,BYRON,duoShowdown,Stormy Plains,,,,,,,,victory,victory,,,,,,,,,,,,,
LE PGM,BYRON,soloShowdown,Dune Drift,,,,,,,,,,,,,,,,,,,,,defeat,
LE PGM,BYRON,soloShowdown,Forsaken Falls,,,,,,defeat,,,,,,,,,,,,,,,,
LE PGM,CARL,duoShowdown,Double Trouble,,,,,,,,,,,,victory,,,,,,,,,,
LE PGM,CHESTER,duoShowdown,Double Trouble,,,,,,,,,,,,victory,,,,,,,,,,
LE PGM,CHESTER,duoShowdown,Dune Drift,,,,,,,,,,,,victory,,,,,,,,,,
LE PGM,CHESTER,soloShowdown,Dune Drift,,,,defeat,,,,,,,,victory,,,,,,,,,,
LE PGM,COLETTE,duoShowdown,Stormy Plains,,,,,,,,,victory,,,,,,,,,,,,,
LE PGM,COLETTE,knockout,Belle's Rock,,victory,,,,,,,,,,,,,,,,,,,,
LE PGM,COLETTE,knockout,Waters of Doom,,defeat,,,,,,,,,,,,,,,,,,,,
LE PGM,COLETTE,soloShowdown,Cavern Churn,,victory,,,,,,,,,,,,,,,,,,,,
LE PGM,COLT,brawlBall,Great waves,,,,,,,,,,,,,,,victory,,,,,,,
LE PGM,COLT,duoShowdown,Double Trouble,,,,,,,,,,,,victory,,,,,,,,,,
LE PGM,COLT,duoShowdown,Forsaken Falls,,,,,,,,,,,,,,,,,,,,,,draw
LE PGM,COLT,knockout,Belle's Rock,,,,,,,,,,defeat,,,,,,,,,,,,
LE PGM,COLT,knockout,Waters of Doom,,,,,,,victory,,,,,,,,,,,,,,,
LE PGM,COLT,soloShowdown,Double Trouble,,,,,,,,,,,,defeat,,,,,,,,,,
LE PGM,CORDELIUS,duoShowdown,Double Trouble,,,,victory,,,,,,,,,,,victory,,,,,,,
LE PGM,CORDELIUS,duoShowdown,Dune Drift,,,,victory,victory,,,,,,,,,,,,,,,,,
LE PGM,CORDELIUS,duoShowdown,Stormy Plains,,,,,,,,,victory,,,,,,,,victory,,,,,
LE PGM,CORDELIUS,gemGrab,Open Space,,,,,,,,,,,,,,,,,,,,,,victory
LE PGM,CORDELIUS,knockout,Belle's Rock,,,,,,,,,,defeat,,,,,,,,,,,,
LE PGM,CORDELIUS,soloShowdown,Dune Drift,,,,,victory,,,,,,,defeat,,,,,,,,,,
LE PGM,CORDELIUS,soloShowdown,Skull Creek,,,,,,,,,,,,,,,,defeat,,,,,,
LE PGM,CROW,bounty,The Great Open,,,defeat,,,,,,,,,,,,,,,,,,,
LE PGM,CROW,brawlBall,Triple Dribble,,,,,,,,,,,,,,,,,,,,,,defeat
LE PGM,CROW,duoShowdown,Forsaken Falls,,,,,,victory,,,,,,,,,,,,,,,,
LE PGM,CROW,duoShowdown,Stormy Plains,victory,,,,,,,,,,,,,,,,,,,,,
LE PGM,CROW,duoShowdown,The Galaxy,victory,,,,,,,,,,,,,,,,,,,,,
LE PGM,CROW,hotZone,Ring of Fire,,,,,,,,,,defeat,,,,,,,,,,,,
LE PGM,CROW,knockout,Out in the Open,defeat,,victory,,,,,,,,,,,,,,,,,,,
LE PGM,CROW,knockout,Waters of Doom,victory,defeat,,,,,defeat,,,,,,,,,,,,,,,
LE PGM,CROW,soloShowdown,,,,,,,,,,,,,,,,victory,,,,,,,
LE PGM,CROW,soloShowdown,Double Trouble,,,,,,,,,,,,,,,,,,,,defeat,,
LE PGM,CROW,soloShowdown,Dune Drift,,,,draw,,,,,,,,,,,,,,,,,draw,
LE PGM,CROW,soloShowdown,Skull Creek,,,,defeat,,,,,,,,,,,,,,,,,,
LE PGM,CROW,soloShowdown,Stormy Plains,defeat,,,,,,,,,,,,,,,,,,,,,
LE PGM,CROW,wipeout,Shooting Star,,,,victory,,,,,,,,,,,,,,,,,,
LE PGM,DARRYL,duoShowdown,Double Trouble,,,,,,,,,,,,victory,,,,,,,,,,
LE PGM,DOUG,brawlBall,Backyard Bowl,,victory,,,,,,,,,,,,,,,,,,,,
LE PGM,DOUG,brawlBall,Galaxy Arena,,,,,,,,,,,,,,,,,,,,,defeat,
LE PGM,DOUG,duoShowdown,Cavern Churn,,,,,,,,,,,,,,,,,,,victory,,,
LE PGM,DOUG,soloShowdown,Cavern Churn,,,,,,,,,,,,,,,,,,,defeat,,,
LE PGM,DYNAMIKE,duoShowdown,Double Trouble,,,,,,,,,,,,victory,,,,,,,,,,
LE PGM,EDGAR,brawlBall,Triple Dribble,,,,,,,,,,,,,,,,draw,,,,,,
LE PGM,EDGAR,duoShowdown,Double Trouble,,,,,,,,,,,,victory,,,,,,,,,,
LE PGM,EL PRIMO,wipeout,Slippery road,,,,,,,,,,,,,,,victory,,,,,,,
LE PGM,EMZ,brawlBall,Freezing ripples,,,defeat,,,,,,,,,,,,,,,,,,,
LE PGM,EMZ,brawlBall,Off the Line,,,,,,victory,,,,,,,,,,,,,,,,
LE PGM,EMZ,duoShowdown,Cavern Churn,,,victory,,,,,,,,,,,,,,,,,,,
LE PGM,EMZ,gemGrab,Minecart Madness,,,,,,,,defeat,,,,,,,,,,,,,,
LE PGM,EMZ,soloShowdown,Forsaken Falls,,,,,,victory,,,,,,,,,,,,,,,,
LE PGM,EVE,duoShowdown,Skull Creek,,,,,,,,,,,,,,,,victory,,,,,,
LE PGM,EVE,soloShowdown,Skull Creek,,,,,,,,,,,,,,,,defeat,,,,,,
LE PGM,FANG,brawlBall,Freezing ripples,,,victory,,,,,,,,,,,,,,,,,,,
LE PGM,FANG,brawlBall,Triple Dribble,,,defeat,,,,,,,,,,,,,,,,,,,
LE PGM,FANG,duoShowdown,The Galaxy,,victory,,,,,,,,victory,,,,,,,,draw,,,,
LE PGM,FANG,knockout,Flaring Phoenix,,,,defeat,,,,,,,,,,,,,,,,,,
LE PGM,FANG,soloShowdown,Dune Drift,,,,,defeat,,,,,,,,,,,,,,,,,
LE PGM,FANG,soloShowdown,Stormy Plains,,,,,,,,,defeat,,,,,,,,,,,,,
LE PGM,FANG,soloShowdown,The Galaxy,,victory,,,,,,,,victory,,,,,,,,,,,,
LE PGM,FRANK,brawlBall,Encirclement,,,defeat,,,,,,,,,,,,,,,,,,,
LE PGM,FRANK,wipeout,Slippery road,,,,,,,,,,,,,,,victory,,,,,,,
LE PGM,GALE,brawlBall,Encirclement,,,defeat,,,,,,,,,,,,,,,,,,,
LE PGM,GALE,duoShowdown,Double Trouble,,,,,,,,,,,,victory,,,,,,,,,,
LE PGM,GENE,duoShowdown,Forsaken Falls,,,,,,,,,,,,,,,,,,,,,victory,victory
LE PGM,GENE,duoShowdown,Safety Center,,,,,,,,,,,,,,,victory,,,,,,,
LE PGM,GRAY,duoShowdown,Cavern Churn,,,,,,,,,,,victory,,,,,,,,,,,
LE PGM,GRAY,gemGrab,,,,,,,,,,,,victory,,,,,,,,,,,
LE PGM,GRAY,gemGrab,Minecart Madness,,,,,,,,defeat,,,,,,,,,,,,,,
LE PGM,GRAY,knockout,Belle's Rock,,,,,,,,,,,,,,,,,,,defeat,,,
LE PGM,GRAY,knockout,Close Quarters,,,,,,,,,,,,,,,,,,,defeat,,,
LE PGM,GRAY,soloShowdown,Skull Creek,,,,,,,,,,,,,,,,victory,,,,,,
LE PGM,GRIFF,brawlBall,Backyard Bowl,,victory,,,,,,,,,,,,,,,,,,,,
LE PGM,GRIFF,duoShowdown,The Galaxy,,draw,,,,,,,,,,,,,,,,,,,,
LE PGM,GROM,duoShowdown,Safety Center,,,,,,,draw,,,,,,,,,,,,,,,
LE PGM,GUS,duoShowdown,Dune Drift,,,,draw,,,,,,,,,,,,,,,,,,
LE PGM,GUS,duoShowdown,Forsaken Falls,,,,,,,,,,,,,,victory,,,,,,,victory,
LE PGM,GUS,knockout,,,,,defeat,,,,,,,,,,,,,,,,,,
LE PGM,GUS,knockout,Waters of Doom,,,,,,,victory,,,,,,,,,,,,,,,
LE PGM,HANK,brawlBall,Backyard Bowl,,defeat,,,,,,,,,,,,,,,,,,,,
LE PGM,HANK,knockout,Flaring Phoenix,,,,,,,,,,,,,,,,,,,,,defeat,
LE PGM,HANK,knockout,Waters of Doom,,,,,,victory,,,,,,,,,,,,,,,,
LE PGM,JACKY,duoShowdown,Double Trouble,,,,,,,,,,,,victory,,,,,,,,,,
LE PGM,JANET,soloShowdown,Dune Drift,,,,,,,,,,,,,,,,,,,,,victory,
LE PGM,KIT,duoShowdown,Double Trouble,,,,,,,,,,,,,,,victory,,,,,victory,,
LE PGM,KIT,duoShowdown,Forsaken Falls,,,,,,victory,,,,,,,,,,,,,,,,
LE PGM,KIT,duoShowdown,Safety Center,,,,,,,victory,,,,,,,victory,,,,,,,,
LE PGM,KIT,duoShowdown,Skull Creek,,,,,,,,victory,,,,,,,,,,,,,,
LE PGM,KIT,duoShowdown,Stormy Plains,,,,,,,,,victory,,,,,,,,,,,,,
LE PGM,KIT,duoShowdown,The Galaxy,,,,,,,,,,,,,,,,,,victory,,,,
LE PGM,KIT,knockout,Belle's Rock,,,,,,,,,,victory,,,,,,,,,,,,
LE PGM,KIT,soloShowdown,Cavern Churn,,,,,,,,,,,,,,,,,,,victory,,,
LE PGM,KIT,soloShowdown,Forsaken Falls,,,,,,defeat,,,,,,,,,,,,,,,,
LE PGM,KIT,soloShowdown,Skull Creek,,,,,,,,victory,,,,,,,,,,,,,,
LE PGM,LEON,duoShowdown,Stormy Plains,,,,,,,,,victory,,,,,,,,,,,,,
LE PGM,LEON,knockout,Close Quarters,,,defeat,,,,,,,,,,,,,,,,,,,
LE PGM,LEON,knockout,Waters of Doom,,defeat,,,,,victory,,,,,,,,,,,,,,,
LE PGM,LEON,soloShowdown,Dune Drift,,,,,,,,,,,,,,,,,,,,,defeat,
LE PGM,LEON,soloShowdown,Stormy Plains,,,,,,,,,defeat,,,,,,,,,,,,,
LE PGM,LOLA,duoShowdown,Dune Drift,,,,,victory,,,,,,,,,,,,,,,,,
LE PGM,LOLA,gemGrab,Arène en folie,,,,,,,,,,,,,,,,,,,victory,,,
LE PGM,LOLA,soloShowdown,Dune Drift,,,,,victory,,,,,,,,,,,,,,,,,
LE PGM,LOU,brawlBall,Encirclement,,,defeat,,,,,,,,,,,,,,,,,,,
LE PGM,LOU,knockout,,,,,victory,,,,,,,,,,,,,,,,,,
LE PGM,MAISIE,brawlBall,Backyard Bowl,,,victory,,,,,,,,,,,,,,,,,,,
LE PGM,MAISIE,duoShowdown,Double Trouble,,,,,,,,,,,,,,,,,,,victory,,,
LE PGM,MAISIE,duoShowdown,Dune Drift,,,,,,,,,,,,,,,,,,,,,victory,
LE PGM,MAISIE,duoShowdown,Forsaken Falls,,,,,,,,,,,,,,,,,,,,,draw,
LE PGM,MAISIE,gemGrab,Arène en folie,,,,,,,,,,,,,,,,,,,victory,,,
LE PGM,MAISIE,gemGrab,Minecart Madness,,,,,,,,victory,,,,,,,,,,,,,,
LE PGM,MAISIE,knockout,Flaring Phoenix,,,,,,,,,,,,,,,,,,,,,defeat,
LE PGM,MAISIE,soloShowdown,Double Trouble,,,,,,,,,,,,,,,,,,,victory,,,
LE PGM,MANDY,duoShowdown,Cavern Churn,,,,,,,,,,,,,,,,,,,victory,,,
LE PGM,MANDY,duoShowdown,Forsaken Falls,,,,,,,,,,,,,,,,,,,,,,victory
LE PGM,MANDY,knockout,Belle's Rock,,,,,,,,,,,,,,,,,,,victory,,,
LE PGM,MANDY,knockout,Flaring Phoenix,,,,defeat,,,,,,,,,,,,,,,,,,
LE PGM,MANDY,soloShowdown,Dune Drift,,,,victory,,,,,,,,,,,,,,,,,,
LE PGM,MAX,duoShowdown,Skull Creek,,,,,,,,victory,,,,,,,,,,,,,,
LE PGM,MAX,gemGrab,Minecart Madness,,,,,,,,defeat,,,,,,,,,,,,,,
LE PGM,MAX,knockout,Waters of Doom,,,,,,victory,,,,,,,,,,,,,,,,
LE PGM,MEG,brawlBall,Backyard Bowl,,,victory,,,,,,,,,,,,,,,,,,,
LE PGM,MICO,brawlBall,Backyard Bowl,,defeat,,,,,,,,,,,,,,,,,,,,
LE PGM,MICO,duoShowdown,Cavern Churn,,,,,,,,,,victory,,,,,,,,,,,,
LE PGM,MICO,duoShowdown,The Galaxy,,,,,,,,,,victory,,,,,,,,,,,,
LE PGM,MICO,knockout,Flaring Phoenix,,,,,,,,,,,,,,,,,,,,,defeat,
LE PGM,MICO,knockout,Waters of Doom,,,,,,victory,,,,,,,,,,,,,,,,
LE PGM,MICO,soloShowdown,Dune Drift,,,,,,,,,,,,,draw,,,,,,,,,
LE PGM,MR. P,brawlBall,Backyard Bowl,,defeat,,,,,,,,,,,,,,,,,,,,
LE PGM,MR. P,duoShowdown,Cavern Churn,,victory,,,,,,,,,,,,,,,,,,,,
LE PGM,MR. P,knockout,Belle's Rock,,defeat,,,,,,,,,,,,,,,,,,,,
LE PGM,NITA,duoShowdown,Skull Creek,,,,,,,,victory,,,,,,,,,,,,,,
LE PGM,OTIS,brawlBall,Winter Party,,,,,,,,,,,,,,,,,victory,,,,,
LE PGM,OTIS,duoShowdown,Forsaken Falls,,,,,,draw,,,,,,,,,,,,,,,,
LE PGM,OTIS,duoShowdown,Stormy Plains,,,,,,,,,,,,,,,,,victory,,,,,
LE PGM,PAM,duoShowdown,Forsaken Falls,,,,,,victory,,,,,,,victory,,,,,,,,,
LE PGM,PAM,soloShowdown,,,,,,,,,,,,,,,,,,victory,,,,,
LE PGM,PEARL,brawlBall,Backyard Bowl,,defeat,victory,,,,,,,,,,,,,,,,,,,
LE PGM,PEARL,brawlBall,Great waves,,,,,,,,,,,,,,,,,,,,victory,,
LE PGM,PEARL,duoShowdown,Forsaken Falls,,,,,victory,,,,,,,,,,,,,,,,,
LE PGM,PEARL,gemGrab,Double Swoosh,,,,,,,,,,victory,,,,,,,,,,,,
LE PGM,PEARL,soloShowdown,Dune Drift,,,,,defeat,,,,,,,,,,,,,,,,,
LE PGM,PIPER,duoShowdown,Double Trouble,,,,,,,,,,,,victory,,,,,,,,,,
LE PGM,PIPER,duoShowdown,Skull Creek,,,,,,,,victory,,,,,,,,,,,,,,
LE PGM,PIPER,knockout,New Perspective,,,,,,,,defeat,,,,,,,,,,,,,,
LE PGM,PIPER,knockout,Out in the Open,,,,,,,,defeat,,,,,,,,,,,,,,
LE PGM,PIPER,soloShowdown,Dune Drift,,,,,,,,,,,,victory,,,,,,,,,,
LE PGM,POCO,wipeout,Slippery road,,,,,,,,,,,,,,,victory,,,,,,,
LE PGM,R-T,brawlBall,Galaxy Arena,,,,,,,,,,,,,,,,,,,,,defeat,
LE PGM,R-T,duoShowdown,Forsaken Falls,,,,,,,,,,,,,victory,victory,,,,,,,,
LE PGM,R-T,duoShowdown,Skull Creek,,,,,,,,,,,,,,,,victory,,,,,,
LE PGM,R-T,knockout,,,,,,,,,,,,,,victory,,,,,,,,,
LE PGM,R-T,soloShowdown,,,,,,,,,,,,,,,,,,victory,,,,,
LE PGM,RICO,brawlBall,Triple Dribble,,,victory,,,,,,,,,,,,,,,,,,,
LE PGM,RICO,hotZone,Ring of Fire,,,,,,,,,,victory,,,,,,,,,,,,
LE PGM,ROSA,duoShowdown,Double Trouble,,,,,,,,,,,,victory,,,,,,,,,,
LE PGM,ROSA,knockout,Waters of Doom,,,,,,,victory,,,,,,,,,,,,,,,
LE PGM,ROSA,soloShowdown,Cavern Churn,,,,,,,,,,defeat,,,,,,,,,,,,
LE PGM,SAM,brawlBall,Backyard Bowl,,defeat,,,,,,,,,,,,,,,,,,,,
LE PGM,SHELLY,duoShowdown,Cavern Churn,,,,,,,,,,draw,,,,,,,,,,,,
LE PGM,SHELLY,soloShowdown,Cavern Churn,,,draw,,,,,,,,,,,,,,,,,,,
LE PGM,SPIKE,duoShowdown,Dune Drift,,,,,victory,,,,,,,,,,,,,,,,victory,
LE PGM,SPIKE,duoShowdown,Forsaken Falls,,,,,,victory,,,,,,,,,,,,,,,,
LE PGM,SPIKE,duoShowdown,The Galaxy,,,,,,,,,,,,,,,,,,victory,,,,
LE PGM,SPIKE,gemGrab,Double Swoosh,,,,,,,,,,victory,,,,,,,,,,,,
LE PGM,SPIKE,gemGrab,Hard Rock Mine,,,defeat,,,,,,,,,,,,,,,,,,,
LE PGM,SPIKE,heist,,,,,,,,,,,,,,,,,,,,defeat,,,
LE PGM,SPIKE,knockout,,,,,,,,,,,,,,,,,,,,,,victory,
LE PGM,SPIKE,soloShowdown,Dune Drift,,,,defeat,victory,,,,,,,,,,,,,,,,,
LE PGM,SPIKE,soloShowdown,Forsaken Falls,,,,,,defeat,,,,,,,,,,,,,,,,
LE PGM,SPIKE,soloShowdown,Stormy Plains,,,,,,,,,victory,,,,,,,,,,,,,
LE PGM,SPROUT,duoShowdown,Double Trouble,,,,,,,,,,,,,,,,,,,,victory,,
LE PGM,SQUEAK,duoShowdown,Dune Drift,,,,,,,,,,,,,victory,,,,,,,,,
LE PGM,SQUEAK,hotZone,Open Zone,,,,,,,,,,,,,,,,,,,,,,defeat
LE PGM,SQUEAK,hotZone,Ring of Fire,,,,,,,,,,victory,,,,,,,,,,,,
LE PGM,SQUEAK,knockout,Flaring Phoenix,,,,,,,,,,,,,,,,,,,,,defeat,
LE PGM,SQUEAK,knockout,Goldarm Gulch,,,,,,,,,,,,,,,,,,,,,victory,
LE PGM,SQUEAK,soloShowdown,Dune Drift,,,,,,,,,,,,,victory,,,,,,,,,
LE PGM,SQUEAK,wipeout,Shooting Star,,,defeat,,,,,,,,,,,,,,,,,,,
LE PGM,STU,duoShowdown,Cavern Churn,,,,,,,,,,,,,,,,,,,draw,,,
LE PGM,STU,duoShowdown,Double Trouble,,,,,,,,,,,,victory,,,,,,,,,,
LE PGM,STU,soloShowdown,Dune Drift,,,,,defeat,,,,,,,,,,,,,,,,,
LE PGM,SURGE,brawlBall,Galaxy Arena,,,,,,,,,,,,,,,,,,,,,victory,
LE PGM,SURGE,duoShowdown,Cavern Churn,,,,,,,,,,victory,,,,,,,,,,,,
LE PGM,SURGE,duoShowdown,Stormy Plains,victory,,,,,,,,,,,,,,,,,,,,,
LE PGM,TARA,brawlBall,Backyard Bowl,,defeat,,,,,,,,,,,,,,,,,,,,
LE PGM,TARA,duoShowdown,Forsaken Falls,,,,,,,,,,,,,victory,,,,,,,,,
LE PGM,TARA,gemGrab,Hard Rock Mine,,,,,,victory,,,,,,,,,,,,,,,,
LE PGM,TARA,gemGrab,Last Stop,,,,,,,defeat,,,,,,,,,,,,,,,
LE PGM,TARA,heist,,,,,,,,,,,,,,,,,,,,victory,,,
LE PGM,TARA,knockout,Goldarm Gulch,,,,,,,,,,,,,defeat,,,,,,,,,
LE PGM,Unknown,bossFight,Machine Zone,,,,,,,,,,,,,,,,,victory,,,,,
LE PGM,Unknown,roboRumble,Last Stand,,,,,,,,,,Unknown,,,,,,,,,,,,
LE PGM,WILLOW,duoShowdown,Forsaken Falls,,,,,victory,,,,,,,,,,,,,,,,,
LE PGM,WILLOW,gemGrab,Minecart Madness,,,,,,,,defeat,,,,,,,,,,,,,,
LE PGM,WILLOW,knockout,Close Quarters,,,,,,,,,,,,,,,,,,,defeat,,,
LE PGM,WILLOW,soloShowdown,Double Trouble,,,,,,,,,,,,,,,,,,,victory,,,
LE PGM,WILLOW,soloShowdown,Forsaken Falls,,,,,,,,,,,,,,,,,,,,,,defeat
darkprince,8-BIT,soloShowdown,Dune Drift,,,,victory,,,,,,,,,,,,,,,,,,
darkprince,8-BIT,soloShowdown,Skull Creek,,,,,,,,victory,,,,,,,,,,,,,,
darkprince,BARLEY,duoShowdown,,,,,,,,,,,,,,victory,,,,,,,,,
darkprince,BARLEY,duoShowdown,Dune Drift,,,,,,,,,,,,,victory,,,,,,,,,
darkprince,BEA,brawlBall,,,,,,,,,,defeat,,,,,,,,,,,,,
darkprince,BEA,brawlBall,Freezing ripples,,,defeat,,,,,,,,,,,,,,,,,,,
darkprince,BIBI,brawlBall,Winter Party,,,,,,,,,draw,,,,,,,,,,,,,
darkprince,BO,duoShowdown,Dune Drift,,,,,victory,,,,,,,,,,,,,,,,,
darkprince,BULL,brawlBall,Retina,,,,,,,,,,,,,,,defeat,,,,,,,
darkprince,BULL,duoShowdown,The Galaxy,,victory,,,,,,,,,,,,,,,,,,,,
darkprince,CARL,knockout,Goldarm Gulch,,,,,,,,,,,,,,defeat,,,,,,,,
darkprince,CARL,knockout,Healthy Middle Ground,,,,,,,,,,,,,,victory,,,,,,,,
darkprince,CARL,soloShowdown,Forsaken Falls,,,,,,victory,,,,,,,,,,,,,,,,
darkprince,CHARLIE,duoShowdown,Dune Drift,,,,,,,,,,,,,victory,,,,,,,,,
darkprince,CHARLIE,gemGrab,Minecart Madness,,,,,,,,,,,,,,,,victory,,,,,,
darkprince,COLT,brawlBall,Winter Party,,,,,,,,,,,,,,,,,defeat,,,,,
darkprince,COLT,gemGrab,Double Swoosh,,,,,,,,,,victory,,,,,,,,,,,,
darkprince,COLT,gemGrab,Open Space,,,,,,,,,,,,,,,,,victory,,,,,
darkprince,COLT,heist,Bridge Too Far,,,,,,,,,,victory,,,,,,,,,,,,
darkprince,COLT,heist,Tornado Ring,,,,,,,,,,,,,,,,,victory,,,,,
darkprince,COLT,knockout,Belle's Rock,,,,,,,,,,defeat,,,,,,,,,,,,
darkprince,COLT,knockout,Healthy Middle Ground,,,,,,,,,,,,,,,defeat,,,,,,,
darkprince,COLT,knockout,New Perspective,,,,,,,,,,,,,,,,defeat,,,,,,
darkprince,COLT,soloShowdown,Skull Creek,,,,,,,,defeat,,,,,,,,,,,,,,
darkprince,COLT,soloShowdown,Stormy Plains,,,,,,,,,,,,,,,,,defeat,,,,,
darkprince,DARRYL,soloShowdown,Stormy Plains,,,,,,,,victory,,,,,,,,,,,,,,
darkprince,EDGAR,duoShowdown,Stormy Plains,victory,,,,,,,,,,,,,,,,,,,,,
darkprince,EDGAR,gemGrab,Double Swoosh,,,,,,,,,,victory,,,,,,,,,,,,
darkprince,EL PRIMO,brawlBall,Triple Dribble,,,,,,,,,,,,,,,,defeat,,,,,,
darkprince,EMZ,brawlBall,Backyard Bowl,,,,,,,,,,victory,,,,,,,,,,,,
darkprince,EMZ,hotZone,Ring of Fire,,,,,,,,,,defeat,,,,,,,,,,,,
darkprince,FRANK,hotZone,,,,,,,,,,,,,,,,victory,,,,,,,
darkprince,FRANK,knockout,Goldarm Gulch,,,,,,,,,,,,,,defeat,,,,,,,,
darkprince,FRANK,soloShowdown,Safety Center,,,,,,,victory,,,,,,,,victory,,,,,,,
darkprince,GALE,brawlBall,Backyard Bowl,,defeat,victory,,,,,,,,,,,,,,,,,,,
darkprince,GALE,duoShowdown,The Galaxy,,victory,,,,,,,,,,,,,,,,,,,,
darkprince,GALE,gemGrab,Minecart Madness,,,,,,,,victory,,,,,,,,,,,,,,
darkprince,GRAY,brawlBall,,,,,,,,,,defeat,,,,,,,,,,,,,
darkprince,GRAY,brawlBall,Retina,,,,,,,,,,,,,,,victory,,,,,,,
darkprince,GRAY,brawlBall,Winter Party,,,,,,,,,defeat,,,,,,,,,,,,,
darkprince,GRAY,duoShowdown,Safety Center,,,,,,,,,,,,,,,victory,,,,,,,
darkprince,GRAY,gemGrab,Open Space,,,,,,,,,,,,,,,,,defeat,,,,,
darkprince,GRAY,knockout,Healthy Middle Ground,,,,,,,,,,,,,,,defeat,,,,,,,
darkprince,GRIFF,duoShowdown,Dune Drift,,,,,victory,,,,,,,,,,,,,,,,,
darkprince,GRIFF,soloShowdown,Dune Drift,,,,victory,victory,,,,,,,,,,,,,,,,,
darkprince,GROM,knockout,Belle's Rock,,,,,,,,,,victory,,,,,,,,,,,,
darkprince,GROM,soloShowdown,The Galaxy,,victory,,,,,,,,,,,,,,,,,,,,
darkprince,GUS,duoShowdown,Dune Drift,,,,,,,,,,,,,victory,,,,,,,,,
darkprince,GUS,knockout,Close Quarters,,,,,,,,,,,defeat,,,,,,,,,,,
darkprince,GUS,soloShowdown,Skull Creek,,,,,,,,defeat,,,,,,,,victory,,,,,,
darkprince,GUS,wipeout,The Great Open,,,,,,,,,,,,,,,,defeat,,,,,,
darkprince,JACKY,brawlBall,Backyard Bowl,,,,,,,,,,,,,,,,,,,,defeat,,
darkprince,JACKY,brawlBall,Power Shot,,,,,,,,,,,,,,,,,,,victory,,,
darkprince,JACKY,brawlBall,Triple Dribble,,,,,,,,,,,,,,,,,,,,victory,,
darkprince,JACKY,duoShowdown,The Galaxy,,,,,,,,,,,,,,,,,,victory,,,,
darkprince,JACKY,gemGrab,Arctic extraction,,,,,,,,,,,,,,,,,,defeat,,,,
darkprince,JACKY,gemGrab,Close Call,,,,,,,,,,,,,,,,,,,,defeat,,
darkprince,JACKY,gemGrab,Stay in your Lane,,,,,,,,,,,,,,,,,,,,victory,,
darkprince,JACKY,knockout,Healthy Middle Ground,,,,,,,,,,,,,,victory,,,,,,,,
darkprince,JACKY,wipeout,Snake Prairie,,,,,,,,,,,,,,victory,,,,,,,,
darkprince,JESSIE,brawlBall,Backyard Bowl,,,,,,,,,,defeat,,,,,,,,,,,,
darkprince,JESSIE,gemGrab,Minecart Madness,,,,,,,,victory,,,,,,,,,,,,,,
darkprince,JESSIE,soloShowdown,Skull Creek,,,,,,,,victory,,,,,,,,defeat,,,,,,
darkprince,KIT,gemGrab,Hard Rock Mine,,,,,,,,,,,,,,,,,,,,,,defeat
darkprince,KIT,knockout,Healthy Middle Ground,,,,,,,,,,,,,,,,,,,,,,defeat
darkprince,KIT,soloShowdown,Forsaken Falls,,,,,,,,,,,,,,,,,,,,,,defeat
darkprince,LEON,duoShowdown,Cavern Churn,,,victory,,,,,,,,,,,,,,,,,,,
darkprince,LEON,duoShowdown,Forsaken Falls,,,,,,,,,,,,,,,,,,,,,,victory
darkprince,LEON,wipeout,Shooting Star,,,victory,,,,,,,,,,,,,,,,,,,
darkprince,MAISIE,duoShowdown,Dune Drift,,,,,,,,,,,,,victory,,,,,,,,,
darkprince,MAISIE,gemGrab,Double Swoosh,,,,,,,,,,,,,victory,,,,,,,,,
darkprince,MAISIE,knockout,Goldarm Gulch,,,,,,,,,,,,,defeat,,,,,,,,,
darkprince,MANDY,bounty,Layer Bake,,,,,,,,,,,,,,,,,,,,victory,,
darkprince,MANDY,bounty,The Great Open,,,defeat,,,,,,,,,,,,,,,,,defeat,,
darkprince,MANDY,brawlBall,Triple Dribble,,,victory,,,,,,,,,,,,,,,,,,,
darkprince,MANDY,duoShowdown,Forsaken Falls,,,,,,,,,,,,,,,,,,,,,,victory
darkprince,MANDY,duoShowdown,Stormy Plains,victory,,,,,,,,,,,,,,,,,,,,,
darkprince,MANDY,duoShowdown,The Galaxy,,victory,,,,,,,,,,,,,,,,,,,,
darkprince,MANDY,hotZone,,,,,,,,,,,,,,,,,,,,,,,defeat
darkprince,MANDY,hotZone,Ring of Fire,,,victory,,,,,,,,,,,,,,,,,defeat,,
darkprince,MANDY,hotZone,The Great Divide,,,victory,,,,,,,,,,,,,,,,,,,
darkprince,MANDY,knockout,Belle's Rock,,,,,,,,,,defeat,,,,,,,,,,,,
darkprince,MANDY,knockout,Close Quarters,,,,,,,,,,,defeat,,,,,,,,,,,
darkprince,MANDY,knockout,Goldarm Gulch,,,,,,defeat,,,,,,,,,,,,,,,,
darkprince,MANDY,knockout,New Perspective,,,,,,,defeat,,,,,,,,,,,,,,,
darkprince,MANDY,knockout,Out in the Open,,,defeat,,,,,,,,,,,,,,,,,defeat,,
darkprince,MANDY,knockout,Waters of Doom,,victory,,,,,,,,,,,,,,,,,,,,
darkprince,MANDY,soloShowdown,Safety Center,,,,,,,defeat,,,,,,,,,,,,,,,
darkprince,MANDY,soloShowdown,The Galaxy,defeat,,,,,,,,,,,,,,,,,,,,,
darkprince,MAX,brawlBall,Backyard Bowl,,defeat,,,,,,,,,,,,,,,,,,,,
darkprince,MAX,brawlBall,Freezing ripples,,,victory,,,,,,,,,,,,,,,,,,,
darkprince,MAX,brawlBall,Retina,,,,,,,defeat,,,,,,,,,,,,,,,
darkprince,MORTIS,brawlBall,Backyard Bowl,,defeat,,,,,,,,,,,,,,,,,,,,
darkprince,MR. P,brawlBall,Triple Dribble,,,,,,,,,,,,,,,,victory,,,,,,
darkprince,MR. P,knockout,Waters of Doom,,defeat,,,,,,,,,,,,,,,,,,,,
darkprince,NITA,heist,Bridge Too Far,,,,,,,,,,,,,,,,,,,,victory,,
darkprince,NITA,heist,Riverbed,,,,,,,,,,,,,,,,,,,,victory,,
darkprince,NITA,heist,Tornado Ring,,,,,,,,,,,,,,,,,victory,,,,,
darkprince,NITA,soloShowdown,Stormy Plains,,,,,,,,,,,,,,,,,defeat,,,,,
darkprince,PENNY,brawlBall,Power Shot,,,,,,,,,,,,,,,,,,,defeat,,,
darkprince,PENNY,duoShowdown,Stormy Plains,victory,,,,,,,,,,,,,,,,,,,,,
darkprince,PENNY,gemGrab,Close Call,,,victory,,,,,,,,,,,,,,,,,,,
darkprince,PENNY,gemGrab,Double Swoosh,,,,,,,,,,victory,,,,,,,,,,,,
darkprince,PENNY,gemGrab,Hard Rock Mine,,,victory,,,,,,,,,,,,,,,,,,,
darkprince,PENNY,soloShowdown,Stormy Plains,victory,,,,,,,,,,,,,,,,,,,,,
darkprince,PIPER,knockout,Goldarm Gulch,,,,,,,,,,,,,,,,,,,,,defeat,
darkprince,PIPER,knockout,Healthy Middle Ground,,,,,,,,,,,,,,,,,,,,,,defeat
darkprince,PIPER,soloShowdown,Dune Drift,,,,,,,,,,,,,,,,,,,,,defeat,
darkprince,POCO,brawlBall,Backyard Bowl,,victory,,,,,,,,,,,,,,,,,,,,
darkprince,POCO,gemGrab,Minecart Madness,,,,,,,,defeat,,,,,,,,,,,,,,
darkprince,RICO,soloShowdown,Skull Creek,,,,,,,,defeat,,,,,,,,,,,,,,
darkprince,RICO,soloShowdown,Stormy Plains,,,,,,,,victory,,,,,,,,,,,,,,
darkprince,ROSA,brawlBall,Triple Dribble,,,,,,,,,,,,,,,,,defeat,,,,,
darkprince,ROSA,knockout,Goldarm Gulch,,,,,,,,,,,,,,victory,,,,,,,,
darkprince,ROSA,soloShowdown,Cavern Churn,,,,,,,,,,,defeat,,,,,,,,,,,
darkprince,ROSA,soloShowdown,Stormy Plains,,,,,,,,,,,,,,,,,defeat,,,,,
darkprince,SAM,brawlBall,Freezing ripples,,,defeat,,,,,,,,,,,,,,,,,,,
darkprince,SAM,brawlBall,Retina,,,,,,,defeat,,,,,,,,,,,,,,,
darkprince,SAM,brawlBall,Triple Dribble,,,defeat,,,,,,,,,,,,,,,,,,,
darkprince,SHELLY,brawlBall,Power Shot,,,,,,,,,,,victory,,,,,,,,,,,
darkprince,SHELLY,gemGrab,Close Call,,,,,,,,,,,,,,,,,,,,victory,,
darkprince,SHELLY,knockout,Belle's Rock,,,,,,,,,,defeat,,,,,,,,,,,,
darkprince,SHELLY,soloShowdown,Cavern Churn,,,,,,,,,,,defeat,,,,,,,,,,,
darkprince,SHELLY,soloShowdown,Double Trouble,,,,,,,,,,,,,,,,,,,,draw,,
darkprince,SHELLY,soloShowdown,Dune Drift,,,,,victory,,,,,,,,,,,,,,,,,
darkprince,SQUEAK,duoShowdown,Forsaken Falls,,,,,,,,,,,,,,,,,,,,,,victory
darkprince,SQUEAK,knockout,New Perspective,,,,,,,,,,,,,,,,victory,,,,,,
darkprince,SURGE,brawlBall,Winter Party,,,,,,,,,,,,,,,,,defeat,,,,,
darkprince,SURGE,soloShowdown,The Galaxy,defeat,,,,,,,,,,,,,,,,,,,,,
darkprince,TARA,brawlBall,Retina,,,,,,,,,,,,,,,defeat,,,,,,,
darkprince,TARA,gemGrab,Minecart Madness,,,,,,,,defeat,,,,,,,,,,,,,,
darkprince,TARA,soloShowdown,Forsaken Falls,,,,,,,,,,,,,,,,,,,,,,victory
darkprince,TARA,soloShowdown,Stormy Plains,,,,,,,,defeat,,,,,,,,,,,,,,
darkprince,TICK,hotZone,Ring of Fire,,,,,,,,,,victory,,,,,,,,,,,,
darkprince,TICK,knockout,Close Quarters,,,,,,,,,,,defeat,,,,,,,,,,,
darkprince,Unknown,bossFight,Machine Zone,,,,,,,,,,,,,,,,,victory,,,,,
darkprince,Unknown,roboRumble,Last Stand,,,,,,,,,,Unknown,,,,,,,,,,,,
darkprince,WILLOW,duoShowdown,Safety Center,,,,,,,victory,,,,,,,,,,,,,,,
darkprince,WILLOW,gemGrab,Last Stop,,,,,,,defeat,,,,,,,,,,,,,,,
darkprince,WILLOW,hotZone,,,,,,,,,,,,,,,,victory,,,,,,,
darkprince,WILLOW,knockout,Healthy Middle Ground,,,,,,,,,,,,,,,victory,,,,,,,
darkprince,WILLOW,knockout,New Perspective,,,,,,,defeat,,,,,,,,,,,,,,,
darkprince,WILLOW,soloShowdown,Safety Center,,,,,,,victory,,,,,,,,,,,,,,,
Ludobz,8-BIT,duoShowdown,Stormy Plains,,,,,,,,,,,,,,,,,victory,,,,,
Ludobz,8-BIT,soloShowdown,Cavern Churn,,,victory,,,,,,,,,,,,,,,,,,,
Ludobz,8-BIT,soloShowdown,Safety Center,,,,,,,,,,,,,,,defeat,,,,,,,
Ludobz,BARLEY,brawlBall,Backyard Bowl,,victory,,,,,,,,,,,,,,,,,,,,
Ludobz,BARLEY,gemGrab,Open Space,victory,,,,,,,,,,,,,,,,,,,,,
Ludobz,BARLEY,hotZone,Ring of Fire,,,,,,,,,,,,,,,,victory,,,,,,
Ludobz,BARLEY,knockout,Out in the Open,,,,,,,,,,,,,,,,,defeat,,,,,
Ludobz,BARLEY,soloShowdown,Skull Creek,,,,,,,,,,,,,,,,defeat,,,,,,
Ludobz,BARLEY,soloShowdown,Stormy Plains,,,,,,,,,,,,,,,,,defeat,,,,,
Ludobz,BARLEY,soloShowdown,The Galaxy,,victory,,,,,,,,,,,,,,,,,,,,
Ludobz,BEA,duoShowdown,Dune Drift,,,,,,,,,,,,,,,,,,,,,victory,
Ludobz,BEA,knockout,Belle's Rock,,,,,,,,,,,,,,,,,,victory,victory,,,
Ludobz,BEA,soloShowdown,Cavern Churn,,,defeat,,,,,,,,,,,,,,,,,,,
Ludobz,BEA,soloShowdown,Double Trouble,,,,,,,,,,,,,,,,,,,,draw,,
Ludobz,BEA,soloShowdown,Dune Drift,,,,,,,,,,,,,,,,,,,,,victory,
Ludobz,BEA,soloShowdown,Forsaken Falls,,,,,,,,,,,,,,,,,,,,,victory,
Ludobz,BROCK,bounty,,,defeat,,,,,,,,,,,,,,,,,,,,
Ludobz,BROCK,knockout,Waters of Doom,,,,,,,,,,,,,,,,,defeat,,,,,
Ludobz,BROCK,soloShowdown,The Galaxy,,defeat,,,,,,,,,,,,,,,,,,,,
Ludobz,BULL,soloShowdown,Forsaken Falls,,,,,,,,,,,,,,,,,,,,,defeat,
Ludobz,BULL,soloShowdown,Skull Creek,,,,,,,,victory,,,,,,,,,,,,,,
Ludobz,CARL,brawlBall,Galaxy Arena,,,,,,,,,,,,,,,,,,,,,defeat,
Ludobz,CARL,duoShowdown,Stormy Plains,,,,,,,,,,,,,,,,,victory,,,,,
Ludobz,CARL,gemGrab,Minecart Madness,,,,,,,,,,,,,,,,victory,,,,,,
Ludobz,CARL,knockout,Waters of Doom,,,,,,,,,,,,,,,,,defeat,,,,,
Ludobz,CARL,soloShowdown,Skull Creek,,,,,,,,,,,,,,,,defeat,,,,,,
Ludobz,COLT,duoShowdown,Stormy Plains,,,,,,,,,,,,,,,,,victory,,,,,
Ludobz,COLT,duoShowdown,The Galaxy,,,,,,,,,,victory,,,,,,,,,,,,
Ludobz,COLT,soloShowdown,Cavern Churn,,,,,,,,,,victory,,,,,,,,,,,,
Ludobz,COLT,soloShowdown,Skull Creek,,,,,,,,victory,,,,,,,,,,,,,,
Ludobz,COLT,soloShowdown,Stormy Plains,,,,,,,,,defeat,,,,,,,,,,,,,
Ludobz,COLT,soloShowdown,The Galaxy,,,,,,,,,victory,victory,,,,,,,,,,,,
Ludobz,DARRYL,duoShowdown,Dune Drift,,,,,,,,,,,,,,,,,,,,,victory,
Ludobz,DARRYL,soloShowdown,Double Trouble,,,,,,,,,,,,,,,,,,,,defeat,,
Ludobz,DARRYL,soloShowdown,Dune Drift,,,,,,,,,,,,,,,,,,,,,victory,
Ludobz,DARRYL,soloShowdown,Forsaken Falls,,,,,,,,,,,,,,,,,,,,,victory,
Ludobz,EDGAR,soloShowdown,Cavern Churn,,,,,,,,,,,,,,,,,,,victory,,,
Ludobz,EL PRIMO,soloShowdown,The Galaxy,,defeat,,,,,,,,,,,,,,,,,,,,
Ludobz,EMZ,duoShowdown,Stormy Plains,,,,,,,,,,,,,,,,,victory,,,,,
Ludobz,EMZ,soloShowdown,Skull Creek,,,,,,,,victory,,,,,,,,,,,,,,
Ludobz,EMZ,soloShowdown,The Galaxy,,victory,,,,,,,,,,,,,,,,,,,,
Ludobz,FRANK,brawlBall,Great waves,,,,,,,,,,,,,,,,,,,,victory,,
Ludobz,FRANK,soloShowdown,Dune Drift,,,,,,,,,,,,,victory,,,,,,,,,
Ludobz,FRANK,soloShowdown,Safety Center,,,,,,,,,,,,,,,victory,,,,,,,
Ludobz,GENE,duoShowdown,Stormy Plains,,,,,,,,,,,,,,,,,victory,,,,,
Ludobz,GENE,soloShowdown,Double Trouble,,,,,,,,,,,,,,,,,,,,defeat,,
Ludobz,GENE,soloShowdown,Forsaken Falls,,,,,,,,,,,,,,,,,,,,,victory,victory
Ludobz,GRIFF,knockout,Out in the Open,,,,,,,,,,,,,,,,,defeat,,,,,
Ludobz,GRIFF,soloShowdown,Cavern Churn,,victory,,,,,,,,,,,,,,,,,,,,
Ludobz,GRIFF,soloShowdown,Safety Center,,,,,,,victory,,,,,,,,,,,,,,,
Ludobz,GRIFF,soloShowdown,Skull Creek,,,,,,,,defeat,,,,,,,,,,,,,,
Ludobz,GRIFF,soloShowdown,Stormy Plains,defeat,,,,,,,,,,,,,,,,,,,,,
Ludobz,JACKY,soloShowdown,Cavern Churn,,victory,,,,,,,,,,,,,,,,,,,,
Ludobz,JACKY,soloShowdown,Skull Creek,,,,,,,,,,,,,,,,defeat,,,,,,
Ludobz,JACKY,soloShowdown,Stormy Plains,,,,,,,,,,,,,,,,,victory,,,,,
Ludobz,JACKY,soloShowdown,The Galaxy,,victory,,,,,,,,,,,,,,,victory,,,,,
Ludobz,JESSIE,duoShowdown,Dune Drift,,,,,,,,,,,,,,,,,,,,,victory,
Ludobz,JESSIE,duoShowdown,Forsaken Falls,,,,,,,,,,,,,,,,,,,,,victory,
Ludobz,JESSIE,soloShowdown,Forsaken Falls,,,,,,,,,,,,,,,,,,,,,defeat,
Ludobz,LOU,soloShowdown,Dune Drift,,,,,,,,,,,,,,,,,,,,,victory,
Ludobz,LOU,soloShowdown,Forsaken Falls,,,,,,,,,,,,,,,,,,,,,victory,victory
Ludobz,LOU,wipeout,Icy ice park,,,,,,,,,,,,,,,,,,,,,,victory
Ludobz,MAX,soloShowdown,Double Trouble,,,,,,,,,,,,defeat,,,,,,,,,,
Ludobz,NITA,duoShowdown,Stormy Plains,victory,,,,,,,,,,,,,,,,,,,,,
Ludobz,NITA,knockout,Out in the Open,,,,,,,,,,,,,,,,,victory,,,,,
Ludobz,NITA,soloShowdown,The Galaxy,,victory,,,,,,,,,,,,,,,,,,,,
Ludobz,PENNY,bounty,,,defeat,,,,,,,,,,,,,,,,,,,,
Ludobz,PENNY,duoShowdown,Dune Drift,,,,,,,,,,,,,,,,,,,,,victory,
Ludobz,PENNY,duoShowdown,Forsaken Falls,,,,,,,,,,,,,,,,,,,,,draw,
Ludobz,PENNY,soloShowdown,Cavern Churn,,,victory,,,,,,,,,,,,,,,,,,,
Ludobz,PENNY,soloShowdown,Double Trouble,,,,,,,,,,,,defeat,,,,,,,,,,
Ludobz,PENNY,soloShowdown,Dune Drift,,,,,,,,,,,,,victory,,,,,,,,,
Ludobz,PENNY,soloShowdown,Safety Center,,,,,,,,,,,,,,,defeat,,,,,,,
Ludobz,PENNY,soloShowdown,Skull Creek,,,,,,,,,,,,,,,,victory,,,,,,
Ludobz,POCO,soloShowdown,Cavern Churn,,victory,victory,,,,,,,,,,,,,,,,,,,
Ludobz,POCO,soloShowdown,The Galaxy,,victory,,,,,,,,,,,,,,,,,,,,
Ludobz,ROSA,soloShowdown,Double Trouble,,,,,,,,,,,,,,,,,,,,victory,,
Ludobz,ROSA,soloShowdown,Forsaken Falls,,,,,,,,,,,,,,,,,,,,,victory,
Ludobz,SHELLY,brawlBall,Galaxy Arena,,,,,,,,,,,,,,,,,,,,,defeat,
Ludobz,SHELLY,duoShowdown,Dune Drift,,,,,,,,,,,,,,,,,,,,,victory,
Ludobz,SHELLY,duoShowdown,Stormy Plains,,,,,,,,,,,,,,,,,victory,,,,,
Ludobz,SHELLY,soloShowdown,Skull Creek,,,,,,,,victory,,,,,,,,,,,,,,
Ludobz,STU,brawlBall,Galaxy Arena,,,,,,,,,,,,,,,,,,,,,defeat,
Ludobz,TICK,duoShowdown,Double Trouble,,,,,,,,,,,,,,,,,,,,victory,,
Ludobz,TICK,soloShowdown,Double Trouble,,,,,,,,,,,,,,,,,,,,victory,,
Ludobz,TICK,soloShowdown,Dune Drift,,,,,,,,,,,,,,,,,,,,,victory,
Ludobz,TICK,soloShowdown,Forsaken Falls,,,,,,,,,,,,,,,,,,,,,victory,
Ludobz,TICK,wipeout,Icy ice park,,,,,,,,,,,,,,,,,,,,,,victory
Ludobz,Unknown,hunters,Omega,,,,,,,,,Unknown,,,,,,,,,,,,,
AngelFire,8-BIT,heist,,,victory,,,,,,,,,,,,,,,,,,,,
AngelFire,AMBER,brawlBall,Backyard Bowl,,victory,,,,,,,,,,,,,,,,,,,,
AngelFire,AMBER,brawlBall,Triple Dribble,,,,,,,,defeat,,,,,,,,,,,,,,
AngelFire,ASH,gemGrab,Minecart Madness,,,,,,,,victory,,,,,,,,,,,,,,
AngelFire,BARLEY,duoShowdown,Dune Drift,,,,,victory,,,,,,,,,,,,,,,,,
AngelFire,BEA,duoShowdown,Dune Drift,,,,,victory,,,,,,,,,,,,,,,,,
AngelFire,BEA,knockout,Waters of Doom,,,,,,,victory,,,,,,,,,,,,,,,
AngelFire,BIBI,brawlBall,Triple Dribble,,,,,,,,,,,,,,,,victory,,,,,,
AngelFire,BIBI,duoShowdown,,,,,,,,,,,,,,,,victory,,,,,,,
AngelFire,BIBI,soloShowdown,,victory,,,,,,,,,,,,,,,,,,,,,
AngelFire,BO,duoShowdown,Cavern Churn,,,draw,,,,,,,,,,,,,,,,,,,
AngelFire,BO,hotZone,Ring of Fire,,,,,,,,,,,defeat,,,,,,,,,,,
AngelFire,BONNIE,duoShowdown,Double Trouble,,,,,,,,,,,,victory,,,,,,,,,,
AngelFire,BONNIE,duoShowdown,Safety Center,,,,,,,,,,,,,,,victory,,,,,,,
AngelFire,BONNIE,gemGrab,Hard Rock Mine,,,,,defeat,,,,,,,,,,,,,,,,,
AngelFire,BONNIE,knockout,Goldarm Gulch,,,,,,,,,,,,,defeat,,,,,,,,,
AngelFire,BONNIE,knockout,Healthy Middle Ground,,,,,,,,,,,,,,,victory,,,,,,,
AngelFire,BULL,duoShowdown,Cavern Churn,,,,,,,,,,,,,,,,,,draw,,,,
AngelFire,BUSTER,duoShowdown,Forsaken Falls,,,,,,,,,,,,,,victory,,,,,,,,
AngelFire,BUSTER,duoShowdown,Stormy Plains,victory,,,,,,,,,,,,,,,,,,,,,
AngelFire,BUSTER,soloShowdown,Forsaken Falls,,,,,,,,,,,,,,victory,,,,,,,,
AngelFire,BUSTER,soloShowdown,Stormy Plains,defeat,,,,,,,,,,,,,,,,,,,,,
AngelFire,BUZZ,brawlBall,Off the Line,,,,,,,,,,,,,,,,,,,,,,victory
AngelFire,BUZZ,duoShowdown,Cavern Churn,,,,,,,,,,,,,,,,,,draw,victory,,,
AngelFire,BUZZ,duoShowdown,Dune Drift,victory,,,,,,,,,,,,,,,,,,,,,
AngelFire,BUZZ,duoShowdown,The Galaxy,,,,,,,,,,,,,,,,,,draw,,,,
AngelFire,BUZZ,soloShowdown,Cavern Churn,,,,,,,,,,,,,,,,,,,victory,,,
AngelFire,BUZZ,soloShowdown,Dune Drift,,,,,,,,,,,,,,,,,,,,,victory,
AngelFire,CARL,soloShowdown,Skull Creek,,,,,,,,,,,,,,,,victory,,,,,,
AngelFire,CHARLIE,knockout,Belle's Rock,,,,,,,,,,defeat,,,,,,,,,,,,
AngelFire,CHARLIE,knockout,Close Quarters,,,,,,,,,,,,victory,,,,,,,,,,
AngelFire,CHARLIE,wipeout,Shooting Star,,,,,victory,,,,,,,,,,,,,,,,,
AngelFire,CHUCK,heist,Bridge Too Far,,victory,,,,,,,,,,,,,,,,,,,,
AngelFire,CHUCK,heist,Tornado Ring,,,,,,,,defeat,,,,,,,,,,,,,,
AngelFire,COLT,duoShowdown,Dune Drift,victory,,,,,,,,,,,,,,,,,,,,,
AngelFire,COLT,hotZone,Ring of Fire,,,,,,,,,,,defeat,,,,,,,,,,,
AngelFire,CORDELIUS,brawlBall,Backyard Bowl,,victory,,,,,,,,,,,,,,,,,,,,
AngelFire,CORDELIUS,brawlBall,Freezing ripples,,,defeat,,,,,,,,,,,,,,,,,,,
AngelFire,CORDELIUS,duoShowdown,Cavern Churn,,,draw,,,,,,,,,,,,,,,,,,,
AngelFire,CORDELIUS,duoShowdown,Dune Drift,,,,,victory,,,,,,,,,,,,,,,,,
AngelFire,DYNAMIKE,brawlBall,,,,,,,,,defeat,,,,,,,,,defeat,,,,,
AngelFire,DYNAMIKE,duoShowdown,,,,,,,,,,,,,,draw,,,,,,,,,
AngelFire,DYNAMIKE,duoShowdown,Stormy Plains,victory,,,,,,,,,,,,,,,,,,,,,
AngelFire,DYNAMIKE,knockout,Waters of Doom,,,,,,,victory,,,,,,,,,,,,,,,
AngelFire,DYNAMIKE,soloShowdown,,defeat,,,,,,victory,,,,,,,,,,,,,,,
AngelFire,DYNAMIKE,soloShowdown,The Galaxy,,victory,,,,,,,,,,,,,,,,,,,,
AngelFire,EDGAR,duoShowdown,Cavern Churn,,,victory,,,,,,,,,,,,,,,,,,,
AngelFire,EL PRIMO,duoShowdown,,,,,,,,,,,,,,,,victory,,,,,,,
AngelFire,EL PRIMO,duoShowdown,Safety Center,,,,,,,,,,,,,,,victory,,,,,,,
AngelFire,EL PRIMO,soloShowdown,Safety Center,,,,,,,,,,,,,,,victory,,,,,,,
AngelFire,EVE,duoShowdown,Skull Creek,,,,,,,,victory,,,,,,,,,,,,,,
AngelFire,EVE,knockout,New Perspective,,,,,,,,victory,,,,,,,,,,,,,,
AngelFire,EVE,soloShowdown,The Galaxy,,victory,,,,,,,,,,,,,,,,,,,,
AngelFire,FANG,duoShowdown,Dune Drift,,,,,draw,,,,,,,,,,,,,,,,,
AngelFire,FANG,duoShowdown,Safety Center,,,,,,,victory,,,,,,,,,,,,,,,
AngelFire,FANG,gemGrab,,,,,,,,,,,,victory,,,,,,,,,,,
AngelFire,FANG,gemGrab,Double Swoosh,,,,,,,,,,victory,,,,,,,,,,,,
AngelFire,FANG,soloShowdown,Dune Drift,,,,,,,,,,,,,,,,,,,,,victory,
AngelFire,FRANK,duoShowdown,Stormy Plains,,,,,,,,,victory,,,,,,,,,,,,,
AngelFire,GALE,brawlBall,Galaxy Arena,,,,,,,,,,,,,,,,,,,,,victory,
AngelFire,GALE,brawlBall,Great waves,,,,,,,,,,,,,,,,,,,,victory,,
AngelFire,GALE,duoShowdown,,,,,,,,,,,,,,,,,,,,,,draw,
AngelFire,GALE,soloShowdown,Dune Drift,,,,,,,,,,,,,,,,,,,,,victory,
AngelFire,GENE,brawlBall,Encirclement,,,,,,,,,,,,,,,,,,,,defeat,,
AngelFire,GENE,duoShowdown,,,,,,victory,,,,,,,,,,,,,,,,,
AngelFire,GRAY,brawlBall,Off the Line,,,,,,victory,,,,,,,,,,,,,,,,
AngelFire,GRAY,brawlBall,Power Shot,,,defeat,,,,,,,,,,,,,,,,,,,
AngelFire,GRAY,heist,Safe Zone,,,,,,,defeat,,,,,,,,,,,,,,,
AngelFire,GRAY,soloShowdown,Dune Drift,,,,,,,,,,,,,,,,,,,,,victory,
AngelFire,GROM,duoShowdown,Forsaken Falls,,,,,,,,,,,,,,victory,,,,,,,,
AngelFire,GUS,soloShowdown,The Galaxy,,victory,,,,,,,,,,,,,,,,,,,,
AngelFire,HANK,brawlBall,Triple Dribble,,,,,,,,victory,,,,,,,,defeat,,,,,,
AngelFire,HANK,brawlBall,Winter Party,victory,,,,,,,,,,,,,,,,,,,,,
AngelFire,HANK,duoShowdown,Dune Drift,,,,,draw,,,,,,,,,,,,,,,,,
AngelFire,HANK,hotZone,,,,,,,,,,,,,,,,defeat,,,,,,,
AngelFire,HANK,soloShowdown,,,,,,,,,,,,,,,,victory,,,,,,,
AngelFire,HANK,soloShowdown,Stormy Plains,victory,,,,,,,,,,,,,,,,,,,,,
AngelFire,JACKY,soloShowdown,,,,,,,,,,,,,,,,,defeat,,,,,,
AngelFire,JANET,brawlBall,Triple Dribble,,,,,,,,victory,,,,,,,,,,,,,,
AngelFire,JANET,duoShowdown,Dune Drift,victory,,,,,,,,,,,,,,,,,,,,,
AngelFire,JANET,duoShowdown,Stormy Plains,,,,,,,,,victory,,,,,,,,,,,,,
AngelFire,JANET,soloShowdown,Safety Center,,,,,,,victory,,,,,,,,,,,,,,,
AngelFire,JESSIE,knockout,,,,,,,,,,,,,,,,,,,,,defeat,,
AngelFire,JESSIE,soloShowdown,Double Trouble,,,,,,,,,,,,,,,,,,,,victory,,
AngelFire,KIT,duoShowdown,,,,,,,,,,,,,,,,,,,,,,victory,
AngelFire,KIT,duoShowdown,Forsaken Falls,,,,,,,,,,,,,,,,,,,,,,victory
AngelFire,KIT,soloShowdown,Dune Drift,,,,,,,,,,,,,,,,,,,,,victory,
AngelFire,LEON,duoShowdown,Double Trouble,,,,,,,,,,,victory,,,,,,,,,,,
AngelFire,LEON,duoShowdown,The Galaxy,,victory,,,,,,,,,,,,,,,,,,,,
AngelFire,LEON,soloShowdown,,,,,,,,victory,,,,,,,,,,,,,,,
AngelFire,LEON,soloShowdown,Skull Creek,,,,,,,,victory,,,,,,,,,,,,,,
AngelFire,LOU,knockout,New Perspective,,,,,,,,defeat,,,,,,,,,,,,,,
AngelFire,MAISIE,brawlBall,Backyard Bowl,,defeat,,,,,,,,,,,,,,,,,,,,
AngelFire,MAISIE,brawlBall,Off the Line,,,,,,victory,,,,,,,,,,,,,,,,
AngelFire,MAISIE,soloShowdown,Stormy Plains,,,,,,,,,,,,,,,,,defeat,,,,,
AngelFire,MICO,brawlBall,Backyard Bowl,,defeat,,,,,,,,,,,,,,,,,,,,
AngelFire,MICO,duoShowdown,,,,,,,,,,,,,,victory,,,,,,,,,
AngelFire,MICO,duoShowdown,Double Trouble,,,,,,,,,,,,victory,,,,,,,,,,
AngelFire,MICO,duoShowdown,Stormy Plains,,,,,,,,,victory,,,,,,,,,,,,,
AngelFire,MICO,duoShowdown,The Galaxy,,draw,,,,,,,,victory,,,,,,,,,,,,
AngelFire,MICO,gemGrab,Double Swoosh,,,,,,,,,,,,,victory,,,,,,,,,
AngelFire,MICO,gemGrab,Minecart Madness,,,,,,,,defeat,,,,,,,,,,,,,,
AngelFire,MICO,heist,Riverbed,,,,,,,,,,,,victory,,,,,,,,,,
AngelFire,MICO,soloShowdown,The Galaxy,,,,,,,,,,,,,,,,,,victory,,,,
AngelFire,MORTIS,duoShowdown,Dune Drift,victory,,,,,,,,,,,,,,,,,,,,,
AngelFire,MORTIS,gemGrab,,,,,,,,,,,,,,,,,,,,defeat,,,
AngelFire,MORTIS,knockout,,,,,,,,,,,,,,,,,,,,,victory,,
AngelFire,NANI,heist,,,,,,,,,,,,,,,,,,,,victory,,,
AngelFire,OTIS,soloShowdown,Safety Center,,,,,,,victory,,,,,,,,,,,,,,,
AngelFire,OTIS,soloShowdown,The Galaxy,,victory,,,,,,,,,,,,,,,,,,,,
AngelFire,PAM,gemGrab,,,,,,,,,,,,defeat,,,,,,,,,,,
AngelFire,PEARL,brawlBall,Triple Dribble,,,,,,,,defeat,,,,,,,,,,,,,,
AngelFire,PEARL,duoShowdown,The Galaxy,,,,,,,,,,victory,,,,,,,,,,,,
AngelFire,PEARL,heist,Safe Zone,,,,,,,victory,,,,,,,,,,,,,,,
AngelFire,PEARL,soloShowdown,Dune Drift,,,,,,,,,,,,,,,,,,,,,victory,
AngelFire,PIPER,bounty,,victory,,,,,,,,,,,,,,,,,,,,,
AngelFire,PIPER,knockout,Belle's Rock,,,,,,,,,,victory,,,,,,,,,,,,
AngelFire,PIPER,knockout,Out in the Open,,,,,defeat,,,,,,,,,,,,,,,,,
AngelFire,PIPER,soloShowdown,The Galaxy,,victory,,,,,,,,,,,,,,,,,,,,
AngelFire,PIPER,wipeout,Shooting Star,,,,,victory,,,,,,,,,,,,,,,,,
AngelFire,POCO,duoShowdown,,,,,,,,,,,,,,,,victory,,,,,,,
AngelFire,POCO,duoShowdown,Dune Drift,,,,,,,,,,,,,,,,,,,,,victory,
AngelFire,R-T,heist,Safe Zone,,,,,,,defeat,,,,,,,,,,,,,,,
AngelFire,RICO,soloShowdown,Stormy Plains,,,,,,,,,victory,,,,,,,,,,,,,
AngelFire,ROSA,duoShowdown,Stormy Plains,,,,,,,,,victory,,,,,,,,,,,,,
AngelFire,ROSA,soloShowdown,,,,,,,,,,,,,,,,,defeat,,,,,,
AngelFire,ROSA,soloShowdown,Skull Creek,,,,,,,,victory,,,,,,,,victory,,,,,,
AngelFire,SAM,brawlBall,Power Shot,,,,,,,,,,,defeat,,,,,,,,,,,
AngelFire,SAM,duoShowdown,,,,,,,,,,,,,,,,,,,,,,victory,
AngelFire,SAM,duoShowdown,Cavern Churn,,,victory,,,,,,,,,,,,,,,,,,,
AngelFire,SAM,duoShowdown,Double Trouble,,,,,,,,,,,,,,,,,,,,victory,,
AngelFire,SAM,duoShowdown,Stormy Plains,,,,,,,,,draw,,,,,,,,,,,,,
AngelFire,SAM,heist,,,,,,,,,,,,,,,,,,,,defeat,,,
AngelFire,SAM,soloShowdown,,,,,,,,,,,,,,,,,defeat,,,,,,
AngelFire,SAM,soloShowdown,Dune Drift,,,,,,,,,,,,,,,,,,,,,defeat,
AngelFire,SHELLY,brawlBall,Off the Line,,,,,,defeat,,,,,,,,,,,,,,,,
AngelFire,SHELLY,brawlBall,Retina,,,,,,,defeat,,,,,,,,,,,,,,,
AngelFire,SHELLY,duoShowdown,Double Trouble,,,,,,,,,,,victory,,,,,,,,,,,
AngelFire,SHELLY,duoShowdown,Forsaken Falls,,,,,,victory,,,,,,,,,,,,,,,,
AngelFire,SHELLY,gemGrab,Double Swoosh,,,,,,,,,,victory,,,,,,,,,,,,
AngelFire,SHELLY,soloShowdown,Cavern Churn,,,victory,,,,,,,,,,,,,,,,,,,
AngelFire,SHELLY,soloShowdown,Forsaken Falls,,,,,,victory,,,,,,,,,,,,,,,,
AngelFire,SHELLY,soloShowdown,Skull Creek,,,,,,,,,,,,,,,,victory,,,,,,
AngelFire,SPIKE,duoShowdown,Stormy Plains,,,,,,,,,victory,,,,,,,,,,,,,
AngelFire,SPIKE,hotZone,Ring of Fire,,,,,,,,,,,victory,,,,,,,,,,,
AngelFire,SPROUT,duoShowdown,,,,,,,,,,,,,,,,victory,,,,,,,
AngelFire,SPROUT,hotZone,,,,,,,,,,,,,,,,defeat,,,,,,,
AngelFire,SPROUT,soloShowdown,Stormy Plains,,,,,,,,,victory,,,,,,,,,,,,,
AngelFire,Unknown,bossFight,Machine Zone,,,,,,,,,,,,,,,,,victory,victory,,,,
AngelFire,Unknown,hunters,Hunting Season,,,,,,,,,,,,,,,,,,,,,Unknown,
AngelFire,Unknown,hunters,True Trail,,,,,,,,,,,,,,,Unknown,,,,,,,
AngelFire,Unknown,roboRumble,Last Stand,,,,,,,,,,Unknown,,Unknown,,,,,,,,,,
AngelFire,WILLOW,brawlBall,Power Shot,,,defeat,,,,,,,,defeat,,,,,,,,,,,
AngelFire,WILLOW,brawlBall,Winter Party,draw,,,,,,,,,,,,,,,,,,,,,
AngelFire,WILLOW,duoShowdown,,,,,,,,,,,,,,draw,,,,,,,,,
AngelFire,WILLOW,duoShowdown,Dune Drift,,,,,,,,,,,,,victory,,,,,,,,,
AngelFire,WILLOW,duoShowdown,Skull Creek,,,,,,,,,,,,,,,,victory,,,,,,
AngelFire,WILLOW,duoShowdown,Stormy Plains,victory,,,,,,,,victory,,,,,,,,,,,,,
AngelFire,WILLOW,gemGrab,Minecart Madness,,,,,,,,,,,,,,,,defeat,,,,,,
AngelFire,WILLOW,hotZone,,,,,,,,,,defeat,,,,,,,,,,,,,
AngelFire,WILLOW,knockout,Healthy Middle Ground,,,,,,,defeat,,,,,,,,,,,,,,,
AngelFire,WILLOW,knockout,New Perspective,,,,,,,defeat,,,,,,,,,,,,,,,
AngelFire,WILLOW,soloShowdown,Dune Drift,,,,,,,,,,,,,draw,,,,,,,,,
AngelFire,WILLOW,soloShowdown,Stormy Plains,,,,,,,,,victory,,,,,,,,,,,,,
